자산총계,자본금,영업활동현금흐름,이자발생부채,영업이익률,순이익률,ROE(%),ROA(%),부채비율,EPS(원),PER(배),BPS(원),PBR(배),발행주식수(보통주)
-0.35125880255541814,-0.5033324210055083,-0.06720125071344726,-0.3413708036013084,-0.43231593308138305,-0.3316219853239113,1.1210864790858641,0.36082563358902514,-0.008505045355859544,0.2252919499764056,-0.1739495116125212,-0.18601060365048336,0.2967580194929035,-0.6361947191185457
1.0217973230684816,1.445442045149302,-0.36286418958107786,0.4336857385390039,0.4524420237247012,0.18580513457723113,-0.11173690709749923,-0.6918965928955182,3.4022808982564454,-0.3598417015657394,-0.22155326077080612,-0.26467663149693454,-0.6992619510081374,1.2065114237985
0.0786267876226794,-0.3078990104515311,1.9267165220650382,0.3839009273501173,-0.2103374784626366,-0.4125270775430637,-0.5214712108961485,-0.6038894632053833,-0.14248349945733005,-0.17841590154229964,-0.1298150134269693,0.10014411224308421,-0.5558507915474352,-0.5645849040839431
-0.28647179248481885,-0.3863382704697941,-0.08106265885252101,-0.22033945064015015,-0.3579347011312694,-0.36447848203115785,-0.324724266734313,-0.3632245310591122,-0.25185259565581414,0.06761970230153569,-0.15046174489172082,0.1768301684946038,-0.5431904456589715,-0.6029072928873968
-0.09106749093344568,-0.4252557461645255,0.7026082595234105,0.09208867147418637,-0.21558106400481175,-0.33756983532762225,-0.15844103185515906,-0.38181627077072244,-0.18858734225543788,1.3018780429571888,-0.16163601474781417,0.8971717981462738,-0.46657352485119913,-0.6496201459780163
0.24089351269074138,-0.4814564486429419,1.2816596850798447,-0.30784567753926095,0.2660034266695862,0.0629784489584294,0.8854452914935076,-0.3106257900659637,1.2958653691365074,1.0668211202747573,-0.22146652949648782,0.0971936541332457,-0.5916490109561949,-0.31396753104042374
-0.26351341766441855,-0.3469615202171745,-0.16189686938242256,-0.15270151126151746,-0.13721859118008362,0.11779899417335561,-0.37044569119253135,-0.49878540704678276,-0.12909005310737878,-0.03157383112906554,-0.21555794144874588,0.11787257106726685,-0.6479657219772925,-0.6057495561618572
-0.28769032687064827,-0.2577655666062684,-0.31565043817017263,-0.3058617264282526,-0.29175870952030014,-0.24700247272091533,-0.25428017158488603,-0.23382975969941286,-0.3738926771644024,-0.07785047494241515,-0.21030788689702837,-0.02860363219545406,-0.679398304872789,-0.507284098204053
-0.3616667786239039,-0.519648753983113,-0.1937990320079325,-0.34285738215425227,1.853385662221141,1.0221110642154787,3.1751025084795805,3.553030456266758,-0.5207716572810651,0.2312969290979678,-0.19979386863371865,-0.2552619445601653,0.4987414688398894,-0.5096115527282419
-0.3755213666338773,-0.48689522630214355,-0.41023102064796574,-0.352111902757261,-3.197239168783127,-1.9246783649322967,-0.9783751290679824,-0.9811429554439872,-0.5287159088090007,-0.5219619946193681,-0.24821627602166252,-0.33534780905515577,0.12584334999864197,-0.3678224761554912
-0.051002428618267454,0.04803877191177303,0.860029399477279,0.11754789129309244,0.5735300083745598,-0.11248312615104328,0.12871433985528027,-0.006431295086049584,-0.35301067680423326,0.32022129999938914,-0.2293735149714181,0.025458826821225446,-0.6735046955798834,-0.18080803576364282
-0.2134398462486515,-0.010023201143347914,-0.19333979303998436,-0.14530881090098788,-0.4658651702077072,-0.3825728449942544,-0.5867431992064105,-0.5927717897094958,0.10348995139026525,-0.41811533899604314,-0.21808796781501708,-0.20126713120273299,-0.6224267483747018,-0.22790057328311594
-0.2927472837712462,-0.40869768973540066,-0.011777357279895241,-0.23098469597837984,-0.47640089301004046,-0.3837910793323639,-0.35255020152902045,-0.4495499958507094,-0.25492517000795045,-0.3943476434189239,0.937258607219343,-0.2440928999496262,-0.5276924360368864,-0.16456544590102343
-0.06471858434301545,-0.09651185209722928,0.6751245735954371,-0.1986886468814259,-0.6934756241124936,-0.5057578348301472,-0.7180629918528091,-0.7584157822154504,-0.21032377546132777,-0.37297722508091313,-0.20527356679061104,0.06701656444527782,-0.40698258644515384,-0.3141294030134473
0.2217318088475848,-0.42586005479332567,1.6194014134071022,0.350335068481807,-0.38473524945794224,-0.3840777227060367,-0.26721043868279837,-0.4653389607314236,-0.08205394793700925,-0.13945837850321915,-0.22015860050044123,-0.04468717006007931,-0.5473378003465718,-0.2646359273319199
-0.3351467958173909,-0.2828806332192038,-0.3918071141231823,-0.34291216541441666,-0.9142888374996457,-0.5851938797592264,-1.0401818057960037,-0.9668488038064174,-0.2980156565719422,-0.5827106970458014,-0.32463303055867543,-0.20302076668085256,-0.022588291452313003,-0.49976656483881093
-0.3290726727135446,-0.17746503601130098,-0.21197565601151305,-0.28552065464403775,-0.09153142455798374,-0.09807929662398428,0.4336100380240556,-0.004562778532118782,-0.13310673345538088,-0.43721223334475195,-0.19945085035060384,-0.32939243928344425,-0.43776032386366065,0.49638915389790705
-0.3525465280629628,-0.3064486697424107,-0.24835879531244598,-0.33184256934825523,0.31523486870445233,0.07229435860279591,1.394742651946083,0.6775391894802747,-0.06479609639967944,-0.04562512869280721,-0.19984808807839546,-0.27085487084633636,0.9701574516637804,-0.5232189380397572
-0.1978959185153109,0.012263701086802564,0.47618096809577654,-0.2704889226916173,-0.4003556612708696,-0.3220943504603546,-0.19652184393733824,-0.43549365541091273,0.09471859451176474,-0.23486216955662967,0.8546995973233237,-0.17620289784080723,0.6906178081985926,-0.20574912052485236
-0.31958685016043586,-0.4674364884547778,-0.22837238934050172,-0.27000023955325153,-0.3903672487439822,-0.36960223233555944,-0.28453699659400106,-0.3665878608561874,-0.13182931405237266,-0.3358795365960672,0.051959673013269196,-0.21895644702266795,-0.3705295215594047,-0.45752853491496087
-0.12733528176984174,3.3457993039646423,2.536267936830052,-0.179545038541026,2.286628825690362,1.6147223523362204,2.5454329815235064,2.9386310713917863,-0.4536357948904702,0.06692314829548203,-0.20208560581908483,-0.2693935801674684,-0.4270645144061654,3.1157155420329117
-0.34968128501374646,-0.49716847299174655,-0.244657709665432,-0.28380501316234247,-0.04832039555302212,-0.25383413979345076,0.7086109586624573,-0.022220259966763682,0.27470645004909783,0.8888886977029974,3.8288300671338984,0.1444795587774172,0.10379688560666188,-0.7132889738414405
0.23511818914409982,0.6661256374485939,-0.7419102511202392,0.15093865988970595,1.4063861786567076,0.6990759255601179,0.4395579608890955,-0.6084673287625135,3.152844033477779,-0.30417395399564656,-0.22160951889468827,-0.2817237709446004,-0.6224267483747018,0.4423641811935588
6.6709355798342544,2.002493739177305,0.5184181073017482,4.4758746692909375,0.1068023434029916,-0.07195891919804887,0.04254703991479197,-0.6736785564946941,3.3153250137555115,0.2706103900555393,-0.21349428452468722,0.05058704671777004,-0.6219901847233755,1.696292157484254
-0.25097629666874444,-0.4661070094714174,-0.10269852076259854,-0.14914762457778372,-0.14149114236259672,-0.3001987054850288,-0.4339074421090855,-0.5447509142734774,-0.20615820384516054,1.124256771413514,-0.20946571365364755,1.6185016803258487,-0.6606260678657564,-0.6867567400896355
-0.3572190305341266,0.5666080924577809,-0.42063590827088543,-0.3447635829169879,-1.0826176437470634,-0.7390138801564013,0.09085451779259178,-1.73602364323198,-2.1166886582852587,-0.9380593143472709,-0.00756825695723626,-0.34508069539545827,-0.6822710903674956,0.14431465348897987
0.02241739156998394,1.3666401999537587,2.2552408623492184,0.08450973504920155,-0.20941499582095763,-0.23387659490148097,-0.2567110617992936,-0.3423905714827852,-0.27017975720996673,-0.26454816340761106,-0.17997850722189235,-0.16648156663091,-0.5735316194261519,0.8106104193607103
-0.25435702024697865,0.6299879814463434,0.16647801443289872,-0.32718302002288085,1.4218741766933167,0.8212934940098647,0.3149619071336111,0.7849788913312885,-0.5756944878075791,0.03401185546123253,-0.18269296169920643,-0.12110688055575902,-0.3131214014099911,0.059619284634382395
-0.08884833749787369,0.4539891363945799,0.11443998936658567,-0.3233952743419966,1.5298531974877376,1.1355621228203987,-0.2229889252079379,0.2791714601822545,-0.6546643861069255,0.0992581045663471,-0.18327429564598868,0.10243058367201376,-0.5851005561862999,0.21605183070938005
-0.0297572346454477,1.8958574385392257,1.1215836547609743,0.24778465581886297,-1.1186915702085087,-1.037015497511003,-3.2532228801379124,-1.7502243690418533,0.1571077273920282,-0.8309243580862308,-0.2727476750735244,-0.2928588723595742,-0.5372968363660658,1.8316172250762848
-0.30862879800207454,-0.41715801053860313,-0.05593495035183191,-0.33748031397626876,0.22162715643303008,-0.1490659867160365,-0.1510449190751531,0.1616417689400149,-0.588891668394949,0.8678577168501703,-0.06326868513986321,0.5730256911890897,0.09986781274472488,-0.6462241642276455
0.041303203877590206,-0.38283328042275305,0.7813697050862087,0.03720226206409832,-0.2815952165558372,-0.20639466145059965,-0.2320056314642155,-0.1804317088470828,-0.40862344540418954,-0.20226059914152061,0.2463205519464768,-0.11315618049495235,1.445696535639087,0.6686803635228364
-0.1852037134480619,2.586739321501316,1.3246107568395389,-0.06533592400194084,-0.06555625543702376,-0.22198089489405903,-0.14411429591067204,-0.27549767885206694,-0.25334996806861193,-0.42407670982957824,-0.1956628033425386,-0.2994047092949916,-0.5545411005934562,1.8886290602216516
-0.2822316511213839,-0.3812620779878726,0.3587687072667113,-0.26193980488110064,-0.21062878877053515,-0.2486745590673401,0.8614984368281737,0.5334765631722194,-0.2638840252912996,1.365285672350893,-0.1939750596260739,0.17993488759535178,-0.214894579861565,-0.5977606564762413
0.20502150241001973,0.5685902247602453,1.8172002564659497,0.18566611301422659,-0.2748141599441972,-0.37909729408847154,-0.33801658131096685,-0.3600480529174301,-0.16363451926793404,-0.16998300151977222,-0.11571063295201359,-0.04739728145748962,-0.380133921888584,0.24508093061338262
0.3481912276756998,-0.05118870493721601,2.5754092273290166,0.4726439319438638,-0.33259070434408977,-0.22961277471809782,-0.3576705872997938,-0.2180407948186986,-0.371068818907951,0.4780703380311256,-0.15238194515736148,0.7308312183503453,-0.1712382147289312,-0.3152178601693534
-0.3412626037363689,-0.3912936012259555,-0.13065503261023448,-0.3381960765221402,-0.05113639519604217,-0.05146391798044247,0.820276745320029,0.011132760520899,0.2904533936037966,-0.011151009103858682,-0.15782687094329315,-0.22253564866567957,0.36311569449450676,-0.6077985191206142
-0.20924108944957898,-0.3296541210883375,-0.15339143760918184,-0.06469818200537875,-0.37279152683409883,-0.312201896757578,0.1302142508386383,-0.2058954372181492,-0.08436683843225731,0.34967103764619456,-0.19723334263424885,0.09587564707140223,-0.5855371198376262,-0.5463830257104105
-0.3454988418398035,-0.3429489109219414,-0.34558430439065047,-0.31411163957729754,-0.04186301706126956,-0.19568136535957817,0.15943665447992028,0.07512945249302472,-0.31240565925086283,-0.1310573007449277,-0.15604067551003467,-0.1923208603647647,-0.11077414902023341,-0.5596295046812387
-0.30389779667270067,-0.2900114750390459,-0.06820940253065882,-0.26200141071743843,-0.39502821367036,-0.3206578762809261,0.6157716408994459,0.28188080918545383,-0.12619005727061564,-0.026160510401816273,-0.21308172494955138,-0.17630732733184426,-0.5992888748544059,-0.5068844338701226
-0.04221754148598708,-0.5042993148115886,0.6229968746478087,-0.18135511528500217,1.0002510577280512,2.902181065187674,1.379226331428588,1.6341262392650848,-0.5317901751073661,1.0217855447666098,-0.11181710196166934,0.07533409175007297,0.014519618910425736,0.2350193636959477
0.2052262734346525,1.5684671958004421,-0.5120760933090804,0.2603729168110609,0.03606249030161071,-0.08808260896714488,0.028892677859396476,-0.6007129850637012,1.6733554923221605,-0.3852747623045401,-0.2063284059951975,-0.2915330655847072,-0.5818263288013523,1.1876613085046985
-0.31598614285192667,-0.3839391652134574,-0.22391043439747899,-0.282719818249222,0.6124199344790255,0.6325746628680244,0.4914341924859202,0.6046670438769782,-0.4673490190777308,0.9659127203825518,-0.2174700693781888,0.1469901997362077,-0.5757144376827837,-0.6112690869771683
-0.37670505524987474,-0.5064748258752693,-0.38978265831773046,-0.35026615947645773,0.5917854543362064,0.2676059873391111,0.11800807869820892,0.3956734673198322,-0.5202629454481674,-0.4428518457287902,-0.7476229771928533,-0.32245517230555054,0.4026247049395406,-0.5634449602727281
0.594801696586269,0.05879546550441618,3.1588492382892155,0.6712771577081756,-0.19805389381291155,-0.24215342231628356,-0.33646494925921727,-0.23728651532418452,-0.4696619095729789,1.5691143463964432,-0.16582021271154956,1.653451761066816,-0.605837329624301,-0.23062866124159448
-0.1712712770858597,-0.17192956897149134,0.5505947263518899,-0.09615627013767286,-0.3926006277712049,-0.3692080976967594,0.11630128344128442,-0.08388130624647619,-0.1656851580976638,-0.07275537685752541,-0.27068609923653686,-0.15147708536062388,-0.36136168488155174,-0.06238804214474583
1.557012684606243,-0.5048673649226607,4.304280898233196,2.8450828654534885,-0.40619510880647375,-0.38816239078087433,-0.8559513601849473,-0.6037026115499903,-0.1409438283888035,-0.5536286833412781,-0.20853840119281664,0.7923043676668947,-0.6014716931110377,-0.30048810671576665
-0.3163537999188808,-0.2954502526982475,-0.45952719885830434,-0.22169579229346772,-1.0506220615961988,-1.2870760106188261,-2.254540770563548,-1.2113441948882462,-0.07834181791025426,-0.8475956887387326,-0.2464212684238058,-0.2265832664074921,0.26510715477174385,-0.5122534846843251
-0.30149524005890804,0.259788515443355,-0.36472288457561347,-0.18703541657627532,-0.5904003268343662,-0.45573856612424074,-0.6218618046443407,-0.679284106156486,0.1681899751929606,-0.49924089795489796,-2.422240579447883,-0.3245531506697452,-0.6117309389172065,0.6868182734451936
-0.36219130837749525,-0.4779212431644609,-0.30111557012445306,-0.3528977824721221,0.9382262380046371,0.8012463730636221,0.6992753058177644,1.1984816047161475,-0.6416406300080434,-0.3729507065273832,0.5689472185610907,-0.291763590436291,1.8362997358952355,-0.27841371805842297
-0.37263273738585556,-0.47686370306406056,-0.4028750449897668,-0.34983640472779465,1.148738395226374,1.8536157173447065,3.682244824415837,3.124143623254537,-0.46784532330494816,-0.34940517749872607,0.05755891906520711,-0.33558666322990666,6.320172238059501,-0.268729300073344
-0.16134493661245736,-0.5071999962298295,-0.2840381305145708,-0.31480348933143265,3.012477009537751,2.3286793353117874,0.5496721154949171,1.3420771018857203,-0.6367805144648101,0.6983723375294872,-0.19642463210344285,0.030683623473068095,-0.617406266384449,0.08726232235211741
-0.3442010329105914,-0.43806708909508923,-0.35557207259593676,-0.3074437197222349,0.2828994245277058,0.4951649956136181,-0.41376208597053793,-0.28348558712012056,-0.4983074052056026,-0.42598781358730403,0.1737690596163663,-0.2597374632247955,0.7094198109091249,-0.310971466511309
0.39988710403955263,0.16955919407720058,0.8316353877844379,0.9135658192473233,-0.5989454291993923,-0.5503667098579792,-1.0656285714446954,-0.8489454092533916,-0.11981987971786606,-0.8146207513760112,-0.124519627017365,0.21754712594254755,-0.4694111885848203,-0.059115620840707865
-0.3392196975023502,-0.40881250837487265,-0.38046744422230894,-0.3119023408017906,0.07330165799465053,0.019193673629906597,-0.1228052157333123,-0.05342448641740603,-0.4760473146417909,-0.14850650896764164,-0.03510680595985358,-0.05116353177393546,-0.3081009194197382,-0.635832688332428
-0.05769291650960164,-0.48567452287196716,2.368556039647665,0.10155043627224357,0.19065116035981033,0.08680567939498228,0.1668327672599264,-0.01754896858193709,-0.2005392504181534,-0.14436607880983046,-0.19112933619303482,-0.19584531957748166,-0.39606849516199544,0.6813834827643097
-0.3767002512375666,-0.4936453536858415,-0.4177119962619375,-0.34675665331298045,-0.4224113826128301,-0.32922134706940154,-0.0338449780996748,-0.18543518095260828,-0.24219158268736776,-0.47299813738164914,-0.44577620470435014,-0.3307162239104903,0.5292281638241785,-0.5875089044412081
-0.37145108380284986,-0.47480905372613996,-0.381001864323077,-0.35238440050264086,0.20405143452314672,0.03352584231354749,0.17907342011261657,0.6305459981489182,-0.5971212948535345,-0.3825239043516989,-0.18525114361018113,-0.29623258526687996,-0.3618710091414322,-0.49412814687473666
0.5237136238720607,0.4978861151906247,-0.054244733558555296,0.22092309262016352,0.0030958737910838246,-0.0954995062609289,-0.19862830199547077,-0.714599069025776,3.8670077690170728,-0.36618493957010595,-0.21895835480674164,-0.25585963368037445,-0.7066835330806851,0.2781852001882527
-0.33872038047307723,-0.3949194529987566,-0.26789954926815657,-0.3525889426873237,-0.2875347100557703,0.3344655542482955,-0.2531423080802697,0.10726793722063213,-0.6333221763724275,-0.4423639043438389,-0.5300051508524616,-0.3032736558329137,-0.3240354926931496,0.5478995703795049
-0.2594623342020252,-0.40224971666610276,-0.06553277304291374,-0.27342118732699333,0.04989972992679505,-0.11950588880602726,-0.19019776784763195,0.1414617901575635,-0.5407287270359655,1.385075584898518,-0.0349192788802464,0.8848507070343359,-0.13347545888920292,-0.6190684819325151
-0.3040276050886091,-0.3217981089139352,-0.011046379277658268,-0.3181749903154823,0.3681562413060345,0.2545995442587071,0.8641879323845398,1.258647837752715,-0.5559173283350449,1.153678222603221,-0.20665423429601498,0.23897770410942712,-0.5252913359545915,-0.566907216866897
-0.33374252296957996,1.2116954675293934,-0.2678424840709559,-0.268461106898695,-0.11148618064903901,-0.3419411467761327,-0.15052770839123653,-0.3920931118173412,0.07789418883568423,-0.4887077284927977,-0.2501010388701755,-0.3409033713148473,-0.39585021333633225,0.9893673052163718
0.4069853324755366,2.0613533996224422,5.0721936700107175,-0.10597166054233982,0.2035659173433158,0.037252206171294135,0.8413272201554303,0.914560514346381,-0.4311853603758791,0.7282145497685361,-0.21061339976422175,-0.030772048708743723,-0.4739951069237468,1.681592527728072
3.9807698550906663,4.562320918429703,-6.015386646143203,8.187168925835518,0.5274058762906121,0.19504938337817943,0.021186238669040618,-0.6829277134366509,3.771967765433258,-0.29065656330964135,-0.2214032391071204,-0.2438294429763876,-0.6776520502674837,3.9777768073310305
-0.29521439430042895,-0.5138473911466314,-0.39979895912161706,-0.2777052247617959,-0.4399385528047303,-0.9824099348263317,-1.1417619841172038,-1.1349218678324817,-0.508380407080847,-0.6394780806356033,0.02441993357106199,-0.1650800737518889,-0.32119782895952836,-0.22279152194970214
-0.35594096309299306,-0.4536582517181338,-0.40471471825190225,-0.32698036924545404,-0.42250848604879626,-0.3766249949905435,-0.6364471459307858,-0.5678270937145213,-0.4556999692900332,-0.3617545732270339,-0.3519735541250588,-0.033147927959183504,-0.07017372944688396,-0.669897181620358
-0.3456412107462258,-0.49209228050982506,-0.41950819127858674,-0.3087073486448797,-0.5823407416491712,-0.38060217180025374,-0.5666237036020588,-0.6243497194709242,-0.38752976377135123,-0.4772587849821294,-0.15932102683533172,-0.2910714381250194,-0.3912662949974056,-0.457100493010399
-0.3496469563424615,-0.4874995349309437,-0.2883506289887347,-0.35040173284655624,-0.24840202536138922,-0.17418311233411696,-0.2241267887125542,0.06802908958808794,-0.5894161717259855,1.1511960859928168,-0.164683329791431,0.845003995345034,-0.4277193598831549,-0.703638950037953
-0.3495913098665594,-0.4807312782883817,-0.3374158290199279,-0.30226548573203665,-0.3444373235319668,-0.31492500880746976,-0.05986067550067463,-0.18963934319895237,-0.22499971705297478,-0.3252296854984351,-0.19905938757192385,-0.24943440341856135,-0.5482109276492243,-0.5316431567637915
-0.26824627054020284,1.9873860234573004,-0.6242390971021424,-0.2369249982170916,-0.14207376297839389,-0.21191254639380142,0.3252026786751578,-0.09453185060388086,-0.02303378762557043,-0.4457830298456351,-0.2170057290903318,-0.3278281635048399,-0.6029996658906799,1.76225329756527
-0.35856920820167654,-0.4890707373658242,-0.33103539649482583,-0.3328412323794145,0.44491650743732036,0.0038224227167020066,0.3737687618949169,0.24721982711003992,-0.4612224817819788,-0.3950123751607416,-0.15822771007595351,-0.2929732681505857,-0.25745953586588294,-0.3901830745596617
-0.3647174932455291,-0.4891915990915842,-0.37195657766838247,-0.33330206024728304,0.06825227932440786,-0.2168213141679484,-0.06441212951913967,-0.19468433789456513,-0.34625304356500824,-0.2010097091498259,0.017721916453986616,-0.17765046680231902,0.2018054253294248,-0.6704990715191586
-0.35929136134353234,-0.4746881920003799,-0.35066038955116596,-0.3496389553203218,-0.8428207086285182,-0.5075135254938932,-0.8847082742107046,-0.8197031251843764,-0.6324677435267068,-0.5618706497783897,-0.35819926186299716,0.5176875939220524,-0.5990705930287428,-0.7011259845969043
-0.36248587940303295,-0.259614751010397,-0.4208804734017454,-0.33660324141156556,-0.45231924089042147,-0.3733644266150152,-0.27833046838700315,-0.2990409874315934,-0.2696095713307432,-0.49085749923229316,0.12860902271421257,-0.3365395763173224,0.13086383198889479,0.1287586554254328
-0.041204445348722044,1.571972185847483,1.8459149202192513,0.2213772330123769,0.5224536010563356,0.018369573930597325,0.40319804980976554,-0.13900254458743097,0.32425509536975505,-0.3076637956401893,-0.21322874355998306,-0.2847348934890662,-0.35743261201961446,1.3724990314755814
-0.3679588504250335,-0.512542084508423,-0.3232826818465652,-0.3529450001032626,2.6183827146689045,0.8142707313548808,0.28351549755148825,0.8039443343536848,-0.6606927905213869,-0.19503065928060415,-0.21889767024317255,-0.22455014121269665,-0.34673680256211914,-0.6102454177477958
-0.37435944619865097,-0.5167480725648722,-0.390377766802823,-0.3460453490842124,2.035616443717721,0.945947531135831,1.1491710192225297,1.1980144755776645,-0.43633395275118253,-0.04276466071870883,-0.1766123961429433,-0.21244166450021457,-0.01385701842578623,-0.6736164798167729
-0.36495619260708767,-0.4640523601334968,-0.3650788627105319,-0.35492631675416436,0.08806138026151374,1.5813642297250463,0.12121478493849108,0.8829825845849528,-0.6811348848619769,-0.41052042526506244,-0.15578282577557476,-0.3085271958716392,-0.12125167665206545,-0.13995696637817973
-0.3667907748490375,-0.34928206535176726,-0.3283805061298239,-0.334517559610289,-0.052738601889484454,-0.13498463098435937,0.07616573436936441,0.047475407494850595,-0.36508778898790584,-0.35785457795456105,-0.14946081910431744,-0.281030029802898,-0.10990102171758075,-0.5675558710512533
-0.09856470259997625,-0.3747355447968307,0.012812307932901973,0.005345222101310036,-0.1489195552140114,-0.4904224143386515,-2.841005965056464,-0.7692531782282482,-0.10673775147407843,-1.6001639514619104,-0.2735023889303892,-0.08087827180656519,-0.1328206134122134,-0.6407712029902897
-0.2813270956372049,-0.4563232527711426,0.025991651095910763,-0.2869706209565265,0.3983554098915245,0.03402746821747489,0.33637442944775403,0.40258697856937553,-0.43142900063287676,-0.08295971625585419,-0.20379679042050045,-0.19145191455829344,-0.4846909163812421,-0.13665036825522797
-0.13369689498525075,3.153997788269754,0.06816011443685309,-0.09314731139443978,-0.09876563053746612,-0.4361393254493619,-1.2702371180020617,-0.6677927293498125,-0.204234460982617,-0.5417589787812679,0.1184330046139356,-0.3227259956744225,-0.1465723684289931,2.88283086761475
-0.37230534490023576,-0.5143308380496715,-0.48114753282356537,-0.3449353439259126,-0.46167585054173654,-0.4882265213510508,-0.8007649802110571,-0.7189500432870717,-0.42420680730044785,-0.5119647524962256,0.8603753123347464,-0.336237533462195,1.5807540842795686,-0.3459172796560841
-0.04141667260079129,-0.35334301933730444,0.4682034511555133,0.2569499425295448,-0.4521735857364722,-0.7074114482089735,-1.2479970585936524,-1.0273887401537711,-0.12865522292648734,-1.5991350315849477,-0.24190478466066545,0.8135523747733723,-0.7208718517487911,-0.5699331278205274
-0.34328954663782213,-0.5190142299228729,-0.27352454727793557,-0.30528376641103133,-0.3106453278157272,-0.37085629709537804,-0.5065755431993534,-0.4948615222835284,-0.3715713269380086,-0.004666338813999043,-0.1595052383057775,0.29171055278748126,-0.5798617923703838,-0.6879992673435077
-0.3554476510791052,-0.3683298733315488,-0.2556522709927585,-0.35200510579755706,0.2020122623678565,0.2858436719890441,0.12509386506786496,0.7136949847988334,-0.645972858327782,0.016106528117803276,-0.17488480292206204,-0.09815304732321353,-0.538606527320045,-0.584918237261911
-0.16472120647094762,-0.49870945999518695,0.08739652067416019,-0.01956278760299515,-0.4661564805156058,-0.5746597357767503,-1.2595825779133818,-0.9375130939097057,-0.2554209102530914,-0.6803696901788022,-0.44439748759736253,-0.08400003472466082,-0.6826725322577365,-0.1085914898442886
-0.3416496770197349,-0.5182104994465687,-0.2592066175612565,-0.28788477861349876,-0.13182935048395925,-0.2525800750336322,-0.10454767859105994,-0.28717590731413367,-0.1298412772331215,0.2184536989728132,-0.21825814184657344,0.06119422311235617,-0.3947588042080164,-0.6845768700066746
-0.08686558150129595,-0.28883307321288554,0.11250792483279194,-0.036671174185697694,-0.8084460922964813,-0.5963729713324663,-1.0514052776369915,-0.8936029548923348,-0.4953456533314756,-0.9353968515728627,-0.2614716181768767,0.7163119081179474,-0.6361785033914815,-0.5009774068160412
0.5920049107124431,-0.4102265905662651,-0.7631765479436841,0.3783811254745662,-0.199170583326523,-0.21345325452729283,1.7700307241958935,-0.4003145846546361,2.543415153415331,0.16301931467378386,-0.20966169983521526,-0.22560888003607338,-0.23410338051992396,0.265723982124618
0.859200672446802,4.433506491114657,-2.4187602013001626,0.85820649047298,-0.19261610139880395,-0.19263577951430452,-0.13377008223234213,-0.6810591968827203,2.7052311988250057,-0.4450122238896976,-0.19361875817482027,-0.3016468379109912,-0.6208987755950597,2.9315186114611156
-0.3327620540825741,-0.45039498512261283,-0.2095055481898275,-0.2989985525491392,0.20118688316214361,-0.023874493264433982,0.10264692138588892,0.2893548754011767,-0.3788077809600831,-0.33453239407674523,-0.11259065116504899,-0.2658002234897104,-0.2550584357835881,-0.37565212606880716
-0.37742050279121714,-0.5161437639360721,-0.3790245099502352,-0.3550166990008967,0.7781269479553556,0.5468682941398524,0.9844394163951253,1.94177748986977,-0.629513605410611,0.3368183787020071,-0.16961998016209026,-0.14005108353769904,0.23651223560986884,-0.7112113719951485
-0.30254741883797126,0.6602034128863522,-0.09078819888971866,-0.3486325915596203,0.07252483050692098,-0.07941164691354209,1.4665832159420844,0.6253141517979123,-0.11303686728520375,-0.28668231608728467,-0.20452345785397827,-0.3082466950810529,-0.1716747783802575,0.43987754493580283
-0.053735911621575164,-0.09312772377594827,0.41331760100985326,-0.06686147905440981,-0.15411458903820346,0.0351382112904572,-0.03017278224386768,0.068589644554267,-0.4432692403444683,0.7697496762107287,-0.0947685463368808,0.3784962263305384,0.050317838319185314,-0.31695567176666317
0.22526045597147248,-0.5016040983271398,0.9499777372172281,-0.16096864972664368,-0.15930962286239544,-0.06973743305208456,-0.18937023075336537,-0.04520301358011104,-0.46459453061667466,0.23973218632525342,-0.181560766956078,0.18782111965777276,-0.52725587238556,0.3666144973731756
-0.22907784042501483,-0.3117464420548922,0.28798219849576967,-0.2820843954782237,2.2902971777157526,1.2575965580036328,0.16515470592988588,0.322718276536361,-0.47719050631062,0.33026731381145763,0.13432000365108307,0.020805335075166864,2.258917603915316,-0.31594280182962375
2.7853526433774087,-0.4033797738019591,1.0558065041210172,0.42278474791966153,-0.07628618511128933,-0.06156809690240931,-0.3194487177583646,-0.6751733697378386,1.7105613899011685,0.15333473892464242,-0.19951648482846635,0.2507944137791779,-0.6442549309410187,0.4639620521554906
-0.26224500828969605,-0.47746801169286074,0.25322798373926825,-0.32294538961610914,-0.11774935226885935,-0.1058186677131503,0.11252564544869396,0.47116153609863154,-0.5717759403408678,0.17747369425118106,-0.16159616524339765,-0.04225077081414228,-0.20463533405539608,-0.2743617631430082
-0.26794902227863926,-0.05529800361305721,0.37174968093468924,-0.2924547562952505,0.24619432573248015,0.05147688358980771,0.15354045268327218,0.4660231155753222,-0.5489397420860305,0.12391682354207299,-0.1535137481123278,-0.06037528173296326,-0.14962831398827742,-0.2905230936846064
-0.2308912216265355,0.8138790971902372,-0.5122853323654828,-0.21588032293365086,-1.2223009363844504,-1.0626342490330107,-2.1624255477580197,-1.5356252428229153,0.3562548744016687,-0.5625636679773061,-0.08408945421252846,-0.3415446810523361,-0.035030355515113534,4.434001912121688
0.2170210744451357,0.02990951304776773,-0.16289686902860548,-0.0020405881327870564,0.010767045232414058,-0.09481872824845596,0.2670681978029434,-0.5780105089334434,2.089317088866226,0.029892640146245347,-0.21291998284339017,-0.1430480510474185,-0.5720036466465097,-0.20257668514936789
-0.09760054733809993,0.21881639041070303,-0.7647798082459882,0.35424521523225705,1.2481561297497747,0.5869625360323375,-0.07335987435089517,-0.3936813508881822,0.16228000701453962,-0.14841104217493375,-0.20772079456128087,-0.1380022144777265,-0.6132589116968488,-0.04266223464026788
0.48997544576664753,-0.4922131422355851,0.15752693064342427,-0.35122429235213165,0.2257055007436107,0.04810882394915195,0.2766883165237902,-0.4382454706994289,0.9146461964618083,1.786806920227457,-0.1998540335717593,0.6746416524115746,-0.48927483472016864,-0.4550134078893893
-0.3782510464607745,-0.5163310996110002,-0.41721199643884604,-0.35069577912460254,-0.5350028166156457,-0.41052057392735397,-0.46359533536589237,-0.43609667666240853,-0.4233753365821228,-0.4870671139810775,0.2742121680428889,-0.3126624881654012,0.62439903981332,-0.6617384596658854
-0.3704427749972946,-0.4786766289504611,-0.3248832247585265,-0.3432112779618986,0.6411625515250222,0.32744279159331147,1.8541291814007153,1.7168080967765171,-0.38316454250014426,0.8407133254569027,-0.1684737208879913,-0.13418873256574942,0.8140859463146144,-0.6949060702905179
-0.36340299537772575,-0.5157811787587919,-0.35294028004884936,-0.3459977261515171,-0.0016621945712602109,-0.04325875140905813,0.010169651101619171,0.33737575083719507,-0.5750346287782107,0.031073599730112905,-0.1936562635907417,-0.0713785102221877,-0.5294386906421917,-0.6559675335599898
-0.3448181733458999,-0.2591917349702369,-0.30604627490162406,-0.3165489204774096,-0.4145460042995674,-0.4158951371837193,-0.5336256619681862,-0.49981309115144457,-0.4057740199602755,-0.396288801537317,-0.17343890610053092,-0.20244445455189305,-0.6490571311056085,-0.5243329428366966
-0.34033633011321374,-0.49922312232966715,-0.254690314811376,-0.3026409976226085,0.2702759778520991,-0.00778663391704711,0.34682208526286734,0.5262827744395865,-0.39922111221477763,2.346652479123432,-0.20137534700507262,0.8100465482084336,-0.6394527307764291,-0.7153258668494044
-0.24321006031296039,-0.30237562958429753,-0.1069512366492189,-0.2951313677635036,1.9055463912409882,1.08324970712511,0.04782258889074008,0.39884994546151425,-0.6046639911430851,-0.29939000693884166,0.08792971097042306,-0.19568383663006897,1.3652475561141166,0.43341976240231195
-0.23754953264376444,-0.46477753048805703,0.03181230121037776,-0.1594706551799048,0.02931380150195944,-0.19131005391106773,-0.3253966406234044,-0.4062938376272142,-0.24097676529483805,0.9622284093454561,-0.21272940166979243,0.8968544653775208,-0.6126040662198592,-0.6809842256104888
6.47914214407575,3.0648683086080157,1.2899450082353114,4.4875822100044385,0.9302394803964169,0.3966313359135875,0.024910155593239173,-0.6710626333191911,3.224668842851426,0.07179902633785747,-0.21615013678962403,-0.06353618765530653,-0.6370516306941342,2.331296080386016
-0.356569437994841,-0.5002504469986274,-0.3882663545063987,-0.320329573381084,-0.03525998341556743,-0.298514675664701,-0.1266842958626861,-0.3090375509951226,-0.18373822436269405,-0.41053810430074905,1.4618890533054048,-0.29010658473618495,0.5687371742692123,-0.4897506654586843
-0.32009922809817143,-0.4825442041747823,-0.2156740242681842,-0.33915826241336267,-0.2527231282618854,0.009483629346740045,-0.2709343556069972,0.05027818232574655,-0.6164670080376354,-0.22457939952725472,0.14124365970274694,-0.14828830268617804,0.062323338730659844,-0.3880916235196058
-0.30178338071380423,-0.46622787119717746,-0.1862501216353885,-0.33745376672442584,-0.21723182241623729,0.047284724249842744,-0.40696076547703597,-0.019510910963564207,-0.6315693200790281,-0.4063411012287407,0.10498529886069692,-0.2474812975018219,-0.4246634143238706,-0.2437721509458189
-0.35002966884084546,-0.4614624660100675,0.14328935804117063,-0.3508099004624049,3.416982179934118,1.9134354594933312,4.477517823637918,6.164398010457265,-0.6276343365632336,0.1787905298521831,-0.2195748500809503,-0.2797834994762753,-0.07132750481110349,-0.11462740109599956
-0.3504324623966304,-0.49592964030270614,-0.2399403200301777,-0.3400179070112071,-0.11697252478112961,-0.09241808999394611,0.5223633913841265,0.7393870874153801,-0.48824624695396224,-0.1405261922586922,-0.2046078450398015,-0.2374904428752233,-0.49625985314139015,-0.4579494764057381
-0.3602456083300232,-0.5012777716675877,-0.23282347472215298,-0.353043488381092,0.05324979846762902,-0.03817083152636566,0.2500519663020906,0.6701585490922487,-0.5731464167864793,-0.20835358057405629,-0.1668844288883204,-0.22144007786413625,-0.19393952459790093,-0.5114654396080969
-0.3760422516767418,-0.519648753983113,-0.37744027138033126,-0.3506037756716508,0.9247531362643263,0.5704088812027324,3.4150193043923136,3.9213773529316254,-0.44768860389500803,-0.31286850374633624,-0.15637822425332762,-0.3293863728399815,1.7042392313690184,-0.5107024905883917
-0.37064674535320924,-0.481819033820222,-0.3572228872292415,-0.3447836453439531,-0.6347280453529391,-0.458640830282678,-0.7671462857564848,-0.6863844690614227,-0.5711668396983738,-0.5078329092986051,10.124559506361297,-0.3210175696440133,6.292523206808833,-0.32489456358571356
-0.33898685303079207,-0.5109467097283905,-0.2336359744346766,-0.33280961885813587,0.2519234284544864,0.4480121606444399,0.097009324931199,0.47004042616627306,-0.5818887029524972,0.4096913638023383,-0.08716666734730437,0.09989567693937236,0.29261066480530323,-0.608075358488851
-0.35608638454890273,-0.5030121374322443,-0.5283342397305818,-0.30453943010554274,-1.4901607644972292,-1.0555756559563179,-2.5171803558563455,-1.7084630240615029,-0.028918376610553985,-0.7646385816827417,-0.3756482792805583,-0.2793634911202076,1.8878142467517436,-0.5277236287049861
-0.33486010637454616,-0.4974101964432666,-0.1552854586781751,-0.3348369372355136,0.7081639223417042,0.4022925425436257,0.8272073684845102,1.1064571644350616,-0.5498178621789593,0.20666531797696142,-0.21615013678962403,-0.15521993653799915,-0.5252913359545917,-0.4734583410886562
-0.32477077977523255,-0.516022902210312,-0.08401917954558362,-0.33653008448091454,0.9139746548720774,0.5374807236520677,0.7874855879597229,1.3108728754350778,-0.57603118510718,1.1711026801759736,-0.2245935435489377,0.19171967621735814,-0.6556055858755035,-0.6581616803367177
-0.3487494067095652,-0.5005526013130275,-0.2783859586013629,-0.32198685143888034,-0.08619073557984244,-0.12222900085591897,0.13497258913067,0.21311940000080506,-0.4631191535048559,2.532338926747352,-0.18636849245950732,1.18541149288233,-0.439288296643303,-0.7166372035404032
-0.3458499350726537,-0.5003108778615074,-0.13725285636276757,-0.3507160442023452,0.9063034834307471,0.5166990790607884,0.7112487331504311,1.4048592580977906,-0.6125315411086325,0.1934413992833545,-0.18184674575247897,-0.15114386428756382,-0.07148342040086303,-0.502211244680765
-0.3288637982617321,-0.4864117793991034,-0.13191590172933476,-0.34663141513253065,0.6569418598695307,0.32919848225705745,-0.33475815400229286,0.4213655699363791,-0.6223803601085146,-0.38871863845629767,-0.19613865330704183,-0.2486174556989135,-0.6318128668782181,-0.36306727921905046
4.475436500365773,3.979936606682396,1.3306895590365801,2.4856956945907047,0.21390743327371659,0.0230633591744897,0.1073535386095291,-0.681900029331989,4.029786531831133,-0.254297858516497,-0.2215860780097374,-0.23684537772035288,-0.6713218773232518,3.7022009737585684
-0.3547841469208441,-0.43210860601511947,-0.3714973387004343,-0.3469489689007585,-0.4404726217025444,-0.08947999541379979,-0.28169233783246034,-0.040625148022980936,-0.5948354754979529,-0.41920790340147746,0.09150913410242531,-0.27706170914349115,0.46592643438185966,-0.2573143635807977
-0.3751089221605092,-0.5063539641495092,-0.4101060206921928,-0.3457405623149625,-0.881856289886933,-0.5875945180137362,-1.0310271766906818,-0.924807181342977,-0.3326142650118303,-0.5277430392888994,-0.5083137074717662,-0.3175237315268701,0.12911757738358962,-0.5909393640668329
-0.06042114512444743,-0.35576025385250515,0.20865734733521263,0.09016024667619293,-0.6853674872093154,-0.42105471790983,-0.556848421676037,-0.6018340949960597,-0.20645429443526178,0.19233469164937084,-0.26130654415631016,0.7893528984831459,-0.7031910238700744,-0.5724194678388447
-0.37870047182055605,-0.4877412583824638,-0.4146685190779025,-0.349781013515298,-0.30846050050648754,-0.2694562036586193,0.14211009656871756,-0.036140708293547305,-0.20557109850364552,-0.4887395507570337,0.17704492328825433,-0.34274410358839613,2.5686352609951677,-0.5583754243903096
-0.37827383771824086,-0.502244665473668,-0.41592153795823433,-0.35501660893388454,-1.258671567789126,-0.2124062099817935,-0.6908289759519172,-0.5239273353446722,-0.6708713510419276,-0.5055032052625656,1.4626237948214764,-0.32944543239538593,0.630050113744378,-0.5216169871476737
-0.35297198340299873,-0.49644330263718633,-0.27542400312761456,-0.3478544125743014,-0.005449228573942381,-0.14981842557192765,0.7480224127768943,0.5018986334107912,-0.28106912314077603,-0.39804609768456906,-0.18085754040755106,-0.31826383762932337,-0.09767723948044325,-0.04758550531034118
-0.36903885244204787,-0.4871006912359356,-0.35263321494010297,-0.34661459511800424,0.15549971654004383,0.04438246009140543,0.8845660333308498,1.0192908671941956,-0.45363241099801194,0.08872847091138417,-0.16627965405658718,-0.1952448861138013,0.081750421214682,-0.6571550201884565
-0.14917677377040414,-0.4704761608576427,0.19870354650921232,-0.19686093951981362,0.009504700564853393,-0.41843909712506555,-0.5353324572251107,-0.7134779590934175,-0.44263137661607876,-0.4727753815319975,0.31197341724012895,-0.29098708567306136,0.4281636785421314,1.9363246870483846
0.12731465169653455,2.355826279896448,0.3706029422099903,-0.35503372166620056,1.3250890242116666,0.6333111770920445,-0.25700414785351283,-0.6592909790294279,1.76967460725521,-0.46327781069367463,-0.008781389888608276,-0.31766706329027133,0.24805691883383202,2.129329715023099
-0.3448248455852167,-0.4434655795123708,-0.35775428800740633,-0.35078075735060354,-1.5966994176581513,-0.48069644542361417,-0.7116323390161141,-0.7945508162389652,-0.39082041119302247,-0.5003055687706934,6.874381835293856,-0.31460415129328106,0.8199553020713348,0.06478585632737494
-0.3658910734189615,-0.5174369844017045,-0.35559245302350845,-0.3290427462073266,-0.10663100885072882,-0.3773416034247255,0.4843484061162641,-0.4061069859718212,0.22911526695842235,-0.15078003295694353,-0.11295867305877809,-0.23456468385662596,0.4593779796119645,-0.6725776674534859
-0.37587020798595805,-0.4862304868104633,-0.4208016690818016,-0.3505425751368679,-0.17887596520958593,-0.1670170279922965,-0.08613497824363274,0.03626430817126645,-0.482173851937543,-0.465300685243686,0.22532845811011534,-0.32134183549100925,1.865112936882774,-0.549513869249321
-0.3720432617228143,-0.4820426280128781,-0.42853264460731916,-0.34304246986430204,-0.5102899921622464,-0.5829723936132621,-1.8525646270236462,-0.8808036164979095,-0.3467487838101492,-0.5599294916599967,-0.23303487660614616,-0.33711892166801327,0.68224372361406,-0.5219411567873858
-0.319442279415039,-0.341583173420853,-0.26720661473072,-0.26299804724082343,-0.31943318877066884,-0.29389255126422686,-0.35037791665657114,-0.3578992588804098,-0.3358391145245901,-0.2202657148197145,-0.17299077941802946,-0.0774864077152479,-0.6038727931933324,-0.5748926643394595
-0.3347863948106937,-0.47505077717766003,-0.23010880176960746,-0.30530362618721923,1.0386069149347026,0.3944815106110414,1.4328610793507282,1.3382466429501618,-0.40233429327641357,-0.04482603627977112,-0.1931218114138612,-0.25391866065056046,0.050099556493522365,-0.29590644467497057
-0.3144061621419072,-0.5183192749997527,-0.029384838972770822,-0.3417607712473367,3.2060904715837024,2.0294236531973673,0.7313854691109138,1.6179116678359744,-0.6403524009485712,0.6615331558331259,-0.15164837457879074,0.003933079316425271,0.17675152245053,-0.4484122431928702
0.11751731897032257,-0.3508774401317997,-2.1063092248941673,0.05842857999437265,0.3543190016808502,0.10540166826200617,0.7918818787730134,-0.5226089931093989,2.5460951962423044,1.1642432143295574,-0.21655566409927457,0.14928403756077058,-0.5370785545404027,-0.5849520642533573
-0.3345606062322132,-0.5174732429194324,-0.35183973695997955,-0.35091707377355263,-0.7169261038983323,0.049864514612898064,-0.3862206170519844,-0.08593667445579979,-0.637252567462743,10.527866678001553,-0.26908807612339725,13.009735126935315,-0.7413903433611291,-0.7335593862442968
-0.3016916040620016,0.12188528635115464,0.033334039802395264,-0.24486505832745095,0.2639642545142958,0.020985194715361723,0.08294119432867035,0.19387367949531897,-0.4519133936291955,-0.4650496429369357,-0.19850383859858753,-0.329660662747975,-0.5702573920412044,2.478447508968342
-0.3734309707365213,-0.4323865879843676,-0.40261145812650656,-0.35492226373861585,-0.22524285588344914,-0.20983438193467346,0.44866086892602575,0.4514486864546627,-0.4101477009626282,-0.48722268949511993,-0.014967078151862635,-0.3460189719843607,3.1141215433274274,0.17515707323204574
-0.2385085836425634,0.39598155111605093,0.022089478563523043,-0.14042715632355374,-0.4456191038087532,-0.38461517903167325,0.3115483166197621,-0.06211308839318367,-0.14970134207088373,-0.27171170866783767,-0.18732956874249415,-0.2570061914948307,-0.347828211690435,0.17661190662128476
-0.3247695787721556,-0.47845907784409303,-0.36764679658456145,-0.25809227722087547,-0.4812560648083508,-0.4906373968689061,-0.8238842977821246,-0.7122634233333626,-0.3219786910153935,-0.5218771352480722,1.0968642268039273,-0.2630030152968709,2.054799843384068,-0.2818383251487934
-0.34616194566370573,-0.3549142217721849,-0.2998506249198385,-0.32085565479928396,-0.10381500920770878,-0.16554798070222346,0.20262374658694784,0.24572501386689538,-0.41293433640203825,-0.03783928137641088,-0.20960075353434293,-0.1528641343266384,-0.5689477010872254,-0.5715255773745127
5.368283455588608,1.2901347275476565,0.5965811231245904,3.0904651937608336,-0.018703847583329287,-0.10159067795147625,0.12416288583681523,-0.6749865180824456,3.9280718003733233,0.3210911085551719,-0.2206156253727702,0.02960784083234363,-0.66018950421443,1.026953209056653
-0.37581516201159443,-0.5148747158155917,-0.4073043912486749,-0.34765419360620375,-7.615299850091543,-4.00943562165469,-1.6390083356345249,-0.817834608630446,0.5570516689847301,-0.5339872746934208,-0.23502624314341272,-0.32672869284678485,2.031225406212446,-0.645928314656804
-0.33309698381567926,-0.49950714738520324,-0.29498649620606826,-0.31268923377053887,0.5002169142200745,-0.1114798743431884,-0.40732281295577755,-0.33230058209155944,-0.485062004150702,-0.353424211611489,1.2528666821982417,-0.15901117482394628,0.6512477043698903,-0.4934744885318929
-0.34753794489741163,-0.078503454958984,-0.2865680209237999,-0.31178966696954125,-0.022587985021977525,-0.2798111955325498,-0.16418207044663213,-0.3867678396386387,-0.013453988076123262,-0.4399206616119452,-0.1127570814482004,-0.3083137148374031,-0.1446078319980246,-0.3179799437108288
0.16116562400759826,0.03365622654632883,-0.6059266035814175,1.1841739136779785,-0.21169692656616343,-0.38891482963676544,-0.2305402011931186,-0.5758617148964231,0.800874656175076,-0.07127740947412224,-0.24142913052099116,-0.027409939078219883,-0.6833273777347261,-0.1844350300861381
0.55260575456168,-0.15210824594684555,-3.6423711814090414,0.875432819808145,-0.1971799628892157,-0.10725188458151434,0.48858953372437924,-0.5835226327675389,2.8026856096778165,0.5965905932743619,-0.21719794434692918,0.05093196736036533,-0.5936135473871635,-0.40473004466683143
-0.3361303172538842,-0.46695304155173767,-0.379589727141556,-0.3448083687387992,1.6902195219859266,0.9209020663611684,-0.2630210321430748,0.16687361529102088,-0.656329261196409,-0.3434284848342626,-0.20564862033162143,-0.23191480357645272,-0.6494936947569347,-0.16979927665789174
1.9493975041639942,3.355178173883621,0.9069831872120477,4.523137896856302,-1.5507533085401415,-1.067220543011776,-1.9658337668013595,-1.2649706199860569,0.7508285786630488,-1.13600086950917,-0.2348797755642003,-0.14954737858295497,-0.675469232010852,3.1250838029927737
-0.3525047932060362,-0.5103182287544384,-0.3538451710330312,-0.3111166637377069,-0.09721197556200674,-0.252508414190214,-0.1325804976593342,-0.361262588677485,-0.3318207422303589,-0.37603923406183926,0.03818691154265571,-0.2673195786988646,-0.09091050288488499,-0.6011852199134423
-0.24876685134137835,-0.44942809131653255,0.3491029498170572,-0.2872344722687362,0.5706169052955735,0.16065217853744157,0.015393479009175749,0.3529778640625162,-0.5659133466568631,-0.06973933336938454,-0.2064174813580109,-0.13090880880023253,-0.5875016562685947,0.005604189588557649
-0.3102260820527223,0.06483855179241794,-0.3964076559736924,-0.3146172532669774,-0.19392699778434777,-0.19134588433277686,0.1731944586720992,-0.41077827735664785,0.5382423027552701,-0.40621381217179686,-0.07972184228689894,-0.30983090345960623,0.49146540798445043,-0.1533533292585629
-0.37586915710826563,-0.50889206039047,-0.3730571207572523,-0.35496461775109805,2.527154036578654,3.9444522022837436,2.6985273439627893,4.388413065586598,-0.6134096612015614,-0.40420900952493183,-0.1056755901045339,-0.34068714593713995,2.9818427569755475,-0.1506431002632441
-0.3700079618416169,-0.48258650577879825,-0.39921472019789606,-0.34783151303645216,-0.40206821277791,-0.07432372703084962,0.09581974035819107,0.33718889918180195,-0.5228753104259749,-0.44362972329900235,0.035115053087553395,-0.3220342766805411,0.8127762553606357,-0.32187132571132826
-0.36223632097198616,-0.4866535028506235,-0.3171305101102659,-0.3298417982227204,0.48293250261808984,0.09759063632942193,0.2787571592594563,0.3444761137421315,-0.41593584901255026,0.04237757514815072,0.09114111220869618,-0.14238247553607883,1.0413173268299736,-0.6631267075211832
-0.37055952250474034,-0.49583899400838616,-0.39103809265614486,-0.3434601331165787,-0.6059854283069421,-0.3833252838501455,0.060235645304736116,-0.25980213979904915,-0.13530287966081747,-0.42239366563221004,-0.22086781499926422,-0.27904948045144623,0.2018054253294248,-0.5985625441229939
-0.3689970675433264,-0.5000691544099873,-0.37384516395668993,-0.33408490020048276,0.0333435940945569,-0.19940772921732489,0.573981017638993,0.34755916605611725,-0.3013267953423888,-0.3791967098354732,-0.1910191640337656,-0.3109221410872476,-0.2751403637445996,-0.4994182366320194
-0.3686138474781658,-0.4557370734012064,-0.3348614820976128,-0.34399513116898545,1.1704733809768102,0.744365578600423,0.9616821463027991,1.2576201536480534,-0.5456522905627921,0.28929005916204337,-0.16000921733222184,-0.14023943216330384,0.37774057681393913,-0.6720367468825995
-0.288292513149588,-0.45444385293557404,-0.12107894904189574,-0.18625561638473698,-0.457271516124698,-0.5009565583211275,-0.9498250993157916,-0.8187688669074111,0.17906411360770758,-0.5183554713392935,0.09358559426903729,-0.34215782515946214,0.040931719815669204,2.7356655519055604
-0.37951335073652215,-0.49269658913862524,-0.4120109113225576,-0.35498265367028903,-0.44285165588371644,-0.22065516929082232,-0.6314302022967958,-0.46403099914367224,-0.6129376082036285,-0.508854757561293,2.5816380260040206,-0.3446304786270455,3.3935222801762843,-0.42571580306087337
-0.3543287832680706,-0.4824233424490222,-0.3294783318283508,-0.3292702779968708,0.4741392470278169,0.1476099050353284,0.07464283624449902,0.23811599923338872,-0.48952291438086865,-0.37168861981308693,-0.19840252188474422,-0.28886782661037047,-0.5295114512507462,-0.3232307937847239
-0.3660067700487149,-0.5133639442435912,-0.31372290262028385,-0.3546519276015285,0.3928205140414509,0.15663917130602206,0.2932390584091181,0.844210866090891,-0.607922679580428,-0.3002103141947018,-0.17807510736387938,-0.275406725591206,-0.21926021637482837,-0.4693126026074097
-0.37316957464088674,-0.5150560084042317,-0.40600306320669166,-0.35497517810827733,-0.16485530798313203,-0.022982713879674058,-0.19637556212774554,-0.016728897427711897,-0.5165226163175931,-0.44852563758182257,0.18528569661988142,-0.3126535810857139,1.0503638958269028,-0.5101358423447805
-0.34263064632468954,-0.32109711090452697,-0.40589134827037293,-0.31735020165135525,-0.3385140139380283,9.656824674522463,0.5517409582305836,0.8037574826982922,-0.5194220481722799,-0.1412121388433339,-0.04468119247451448,-0.24537927484198543,-0.030883000827513295,-0.33860179965148557
1.7909004775457378,0.06187743951129709,2.254795210332985,0.8134484318181653,-0.2867093308500575,-0.2630783885943991,0.11330146147456874,-0.6394847035577628,1.3792106403844355,0.012118137666897191,-0.2154562865950774,-0.06617133514421306,-0.6748143865338624,-0.2889272602573567
1.1565633795952468,4.724299803293302,1.3656406336268108,0.04083565540284261,-0.286515123978125,-0.22542061537813288,-0.15021738198088672,-0.6837685458859197,2.412636169633183,-0.4474236443573553,-0.22235025085913668,-0.303920598696475,-0.7418269070124553,4.489265955049953
-0.13659436495036725,0.5794919524238007,-0.09446482802364667,0.02591083094691376,-0.3875512491009621,-0.620845149359783,-1.122107978128377,-0.8938832323754243,-0.15269608689647934,-0.6242882531736419,-0.25888347478031326,-0.21692996602785547,-0.4881834255918528,0.33206139536509643
-0.3368527706465093,0.5698713590533018,-0.3229810515185046,-0.3425275342388606,-0.20718161679373484,0.13367187099048775,0.2994973076845079,0.14968326299485857,-0.31342082698835283,-0.42381859590855325,-0.21160905858735218,-0.3209274396268527,-0.1662177327386783,0.35780276765861024
-0.14629631801554552,-0.21236990241079917,0.2655975445800963,-0.12425217922167901,0.13505944326915753,0.3216382632764371,1.807683661985014,0.07924018891167209,0.21272199994418806,0.8918587756983529,-0.18977914121986306,-0.13664896426814718,-0.034157228212460956,-0.4445335686466898
-0.2424612849362305,0.7919487370510787,-1.2586030030880702,-0.21574637076977177,-1.9172702275945857,-1.2655777575933649,-3.620080418239885,-1.5622516037164271,1.0522318799238266,-0.7957961141768766,-0.1550253484049633,-0.3107990789484322,0.056211447612091105,0.6180225614770976
-0.15198501921525667,0.15454212465151618,-0.3762092935550028,-0.25080596851849496,-0.6277365979633723,-0.43291458749554274,-0.5272122494876217,-0.6342528572067568,-0.24582419124135277,-0.3634659038815007,-0.22094379776208278,-0.1558333695233854,-0.5944866746898162,-0.06977612730480878
-0.23730693002220546,-0.4947391523039698,0.542923533413916,-0.21072265799736145,-0.15367762357635542,-0.21037183826031003,0.6659927983077377,0.5850476200607062,-0.3689961847772423,0.4379566060581388,-0.20367724190725087,-0.07250152445844336,-0.36812842147710984,-0.2886787984597516
-0.3326910948174399,0.13530093791051856,-0.22163869607082426,-0.32309332468363067,-0.11842907632062276,-0.10614114150853222,0.47493517166898375,-0.009607773227731634,-0.013711163902953846,-0.3742925453359992,-0.13549239576207692,-0.31033716261048416,0.07913103930672387,-0.08310372289595296
0.2015792274240881,0.06931043564553926,1.5802601229081374,-0.21974041494207652,-0.2781642284850313,-0.08116733757728814,-0.04987850930108625,0.21610902648709396,-0.5479482615957485,1.7999954808496905,-0.20174805707579188,0.9199070949750309,-0.5752778740314572,-0.17511580698931292
-0.2723728670710642,-0.38283328042275305,-0.08973928621736373,-0.2531398975221194,-0.06138080769047681,-0.35759904106301027,-0.7810075320854469,-0.6464916406350028,-0.42437527680355047,-0.41268080342596986,-0.2730735943334124,0.23207726910970009,-0.6881295778993157,-0.6007516777095442
-0.34897444466112265,-0.2677729174991994,-0.35394299708537513,-0.32196030418703747,-0.20480258261256284,0.01353246699986856,0.6709580208733362,0.2336730820940424,-0.1554522673037647,-0.19912865975276742,-0.18450963028290104,-0.2628041226147714,-0.22297100741110232,-0.5002151466132424
-0.3089072805905596,-0.35986955252834635,-0.18027729766171977,-0.2803824441823813,-0.4965984076910113,-0.42983317122855996,-0.5917601428404005,-0.6008064108913977,-0.3897428294390794,-0.28624741180939334,-0.14915608759995574,0.013351216743523766,-0.6204622119437333,-0.57651826561552
-0.025111304367363065,0.28214793470896155,0.6433881717808434,0.11247452908021255,-0.35453608087245225,-0.3573123976893375,-0.579295365358013,-0.5369031447469685,-0.39971685245991856,-0.2533714770465171,-0.5661354752350651,0.051962107235989194,-0.7106126059426222,0.06323068423845292
2.417942782889972,1.275389597004932,-0.6487771318984248,4.793709919448577,-0.02219957127811283,-0.05339876075273399,0.1991067139363156,-0.1319021816824946,-0.09033094889001096,1.8353146583444608,-0.19583860997967037,0.642732881993257,-0.5597798644093722,0.535363090338203
0.09541821180973845,-0.4702163081472586,0.34249969128383834,-0.2875283158960051,-0.10978687051963049,-0.16744699305280575,0.39792250083381725,-0.49803800042521046,1.8266678159841272,0.08404352645442449,-0.22142667999207127,-0.13108126912153018,-0.6518947948392296,-0.20197457246887568
-0.34995811622300066,-0.2825180480419237,-0.3516739761490633,-0.28924172821914856,-0.6455065267451879,-0.5575686246215088,-1.1716567616475775,-0.9651671389078796,0.4397625724875952,-0.5691367334455989,-0.22343489270906502,-0.2938742794439314,0.8391883562658788,-0.5039453954329773
-0.3319722444340459,-0.46791993535781795,-0.2687256359323946,-0.30263228363917916,-0.21242520233591,-0.31001624103332276,-0.011915245101615245,-0.3656536025792221,0.21159516375557424,0.2767626944744901,-0.13927693155782037,0.038188825110377446,-0.2738306727906207,-0.6841190229223156
-0.3390598640095162,-0.49813536679782683,-0.11682895054561827,-0.29945978571856263,-0.23568147524981634,-0.2699219991408376,1.0975016718992716,0.437808515610969,-0.09898694579834234,2.6760376646155013,-0.08044850972037683,0.4983352059585486,-0.3039535647321381,-0.7142057867355187
-0.3737467845039839,-0.4651461587516252,-0.3896359192392144,-0.3410269052320152,-0.43401524321079177,-0.8356843579275587,-1.0954716279066772,-1.08914321226118,-0.23182672008759492,-0.5201728762078801,-0.14557326265402895,-0.34555301135077093,0.829147392285373,-0.139108972555031
