매출액,영업이익,당기순이익,자산총계,자본총계,자본금,영업활동현금흐름,FCF,이자발생부채,영업이익률,순이익률,ROE(%),ROA(%),부채비율,EPS(원),PER(배),BPS(원),PBR(배),발행주식수(보통주)
-0.14888744327744824,-0.15954453457646586,-0.14808974030882627,-0.14721548320709218,-0.14497690405890273,-0.1458083651487499,-0.15442436310607802,-0.16585433883469922,-0.14931946676062077,-2.3739321076096656,0.03221494781715905,-0.13229730171799925,-0.35471338030173577,0.1533532555146201,-0.46465532763661693,-0.3158579624172853,-0.03489000320143326,-0.7041157082243755,-0.1547562026628956
-0.11698484282005633,-0.0700448297904306,-0.07960327017913697,-0.12028214228871031,-0.11524636975427832,0.4450068048391027,-0.10373459180828046,-0.010339898796165918,-0.13766641849722,1.552107861050883,1.0081382605255271,1.2206510522299676,1.582765403223206,-0.8064046156853024,3.4611812846248995,-0.1362632523537977,1.9640852911671078,-0.33173286503767,-0.12387683941311979
-0.14231743190174823,-0.14414285773242605,-0.13987426255551877,-0.1488708388548838,-0.14492911621007828,-0.15926008512674447,-0.14830561579207546,-0.1362725331550083,-0.18296887959967154,0.7913978691480571,0.5046799359530104,1.1048755058508477,1.5063114745628183,-0.8474229962334241,0.64630286178222,-0.14358762838847935,0.0016185637803693032,-0.43826425057784624,-0.15690706196823734
-0.14955015019614196,-0.1566127523624717,-0.14913548846089608,-0.15108366625306138,-0.14722825454038124,-0.059879224459444366,-0.1534150037567327,-0.15931964066792664,-0.17972858978487977,-1.2851357066762077,-0.46211959872148733,-0.07690654038510805,-0.29740930538220034,-0.031616422806154454,-0.5638774502609553,-0.9511866720560093,-0.7724673132328752,0.6184634931535139,-0.07413540907032373
-0.14613531438225028,-0.1474245968976643,-0.14125670147723152,-0.14592895946477144,-0.14138579090258613,-0.14964573339973383,-0.14806315078281068,-0.1351248621508081,-0.17576373291295344,1.1422731170896503,0.8333422617610502,0.4097412989702877,0.5652587397614631,-0.952388774078831,0.46202494522990883,0.21266931978135808,0.6444783901929338,0.44960329696893614,-0.15630310907603387
-0.1440017838850025,-0.15685796029429583,-0.1512827282699435,-0.14627326819040337,-0.14279058336724998,0.06489803699618574,-0.15129966366337255,-0.15496652120301566,-0.16846457081390026,-0.453210593176627,-0.3673973604401997,-0.5265625727853045,-0.7611758182335329,-0.550181624739426,-0.6082556432179365,-0.18000729575903254,-0.7173228076744361,-0.5937682730529095,0.04621549394605837
-0.14678857910995913,-0.15348337540729892,-0.14701723527440072,-0.1501826239329584,-0.14704370191262708,-0.10112744464092976,-0.15156339753309916,-0.15227635360133357,-0.17364676518002795,0.21154116278861806,0.16336352603769305,0.19915869342665413,0.06930644984930519,-0.08086943673223881,-0.4838232376890459,-0.08521204419834413,-0.6896611917531906,-0.8780639705840065,-0.11190470769791776
-0.13787852303132844,-0.15248945005257497,-0.14725916208570047,-0.14091589659481557,-0.142148267849086,-0.11510941914087848,-0.1428650412859413,-0.18416688520784116,-0.08147275816235937,-0.1020703587360687,-0.05129742247779039,-0.05906790600215585,-0.2777309682635119,1.0972403671464896,-0.5007939212497937,-0.21566118376010615,-0.44203592519961615,-0.30661053829834495,-0.1246617825879051
-0.15007931755662138,-0.15610091056303302,-0.14931498254669912,-0.1528276006106392,-0.14901950063328925,-0.16392074329339404,-0.15346057988629375,-0.15530446514302798,-0.18568073795892445,-3.7586190579495486,-2.7955143688511352,-0.6569904106890045,-1.4924206520336871,-0.6895512467980249,-0.7200250855447697,0.5131794574436255,-0.6728683679808367,0.7691974535894646,-0.16931506792535572
-0.13640675523367587,-0.1502980529531177,-0.14392347075201936,-0.14288841323403612,-0.13960838093517294,0.0540138652297586,-0.14499861183112583,-0.1318357641999953,-0.14937620019909886,-0.0559627079162162,0.06506513355217478,0.08312665179108622,-0.03650766646868057,-0.601374627481371,-0.4939709547756259,-0.20310666205035074,-0.6438625814649528,-0.06365537843955488,0.029612147066056284
1.107148007410589,1.9469772912361856,1.1938314574266686,1.5426038440772785,1.1857917570489267,10.031729480442657,1.9330346849154898,2.2677602767043994,7.8800603398995355,0.6421773469185772,0.2605844874488598,0.35706358567732316,0.26695923316026005,-0.023392108517638028,4.212632744779853,-0.14147375314307276,5.9424504579435276,-0.3253727823188535,0.7500541292146955
-0.1481559432530078,-0.15317507999786958,-0.14621341393363066,-0.1513446453776352,-0.14774359699919648,-0.16477194134179413,-0.1517669709118052,-0.14843851499545127,-0.1816429380946692,0.6205147006282155,0.5491984709825993,0.7541503045655543,0.8011384874026118,-0.33147884301945385,-0.4073828844784542,-0.0008303171792552588,-0.6961214022288079,0.6276856130957981,-0.1280651788913065
-0.1483485639490987,-0.15555573953014254,-0.14956248370848962,-0.151275914860227,-0.14842710159864125,-0.1646463547444892,-0.153530463284954,-0.15832253874591012,-0.1739628514801202,-0.2820955614701913,-0.3977258989799246,-1.051864857990373,-0.9575954736628683,1.5164017804457854,-0.6332924608731453,-0.5345533963760818,-0.7708401593551549,0.6512179191554187,-0.12770781028086275
-0.13765905953515203,-0.155839038014483,-0.15834988982215087,-0.13804077930633835,-0.14355838190047862,-0.1438547958573399,-0.1424724788899888,-0.19365273738541428,-0.008565426851851885,-0.2755371456208157,-0.5861846407297954,-1.8623898683653817,-1.0483771739001637,3.5493139967684764,-1.5369885882016905,-0.2608143014470796,-0.30261452978231734,0.43433909844377655,-0.151157481949568
-0.14034792575075153,-0.15060991935184548,-0.14359012459267087,-0.14163322010943605,-0.14309135944916074,-0.16394865142612847,-0.14840770632229222,-0.15084427433078637,-0.12027032530445098,0.13284017259611106,0.2995324745833969,0.4498186827902543,0.0569164506577986,1.4228798727960683,-0.25811603741858863,-0.12046032958514057,-0.41369663878467483,-0.7012536710009082,-0.1247793560800755
-0.15002792505997528,-0.15560573338032027,-0.148647175357904,-0.1529533331681413,-0.14939531108807586,-0.17444210933427362,-0.1530151491800504,-0.1533002233601827,-0.1848508088017592,-0.27467593949918057,0.14424485548430643,-3.5890518109577747,1.0858735873060044,1.48418558319516,-0.5045523349855642,1.570370474067847,-0.8188728481940384,2.890461804390329,-0.17302765030983075
-0.14766575865245155,-0.15665679456381876,-0.1531746628265133,-0.14599965839795265,-0.14541678641790387,-0.1497155037315699,-0.15460302153395733,-0.2095394485455966,-0.1371379870416812,-0.553143626598678,-1.0309573578482714,-0.5986718309888126,-0.6496067607336294,1.2662257759153046,-0.8670079734882825,-0.2448789187452946,-0.12376909487462319,0.23049844730570795,-0.1563376640593609
-0.1460777170172427,-0.15482844804303314,-0.14482317092123081,-0.1437575508151513,-0.14169497509152837,-0.15404126430540632,-0.15259827951499869,-0.15908876807524494,-0.13542625815502782,-0.12283867559242476,0.5056885948311268,0.10502493431031613,0.042823560582151296,-0.31940550836755405,-0.3773444854671817,0.04194860288430195,-0.37273108509433406,-0.6414688934440331,-0.1225493128789054
-0.1478350436479656,-0.15375834158327645,-0.14651665860032895,-0.1519140096399832,-0.1484679713847183,-0.15067833431090769,-0.15150566776898852,-0.14516614694265886,-0.1799879426464939,-0.09412076376712863,0.06593624803782067,0.4206423473693186,0.8408334611156851,0.8311007312429416,-0.2906118607955573,0.05026493949644687,-0.6710289766408051,2.869614771478611,-0.15479689954697542
-0.11505013788726094,-0.11232415275383198,-0.11998163539413106,-0.12771430612639223,-0.13279589846845544,-0.10450432870179563,-0.13385129822222097,-0.1555252997968974,0.003990493561043114,0.650557544948335,0.34980495003133105,1.0099722609651662,0.6482893504571525,0.6978606483153076,0.9397771527961065,-0.08323283893073394,0.26362384927160015,0.341799894884997,-0.11490758305048021
-0.1423727361632309,-0.14350722163730914,-0.1388352036240379,-0.14164904945294415,-0.14188931943886346,-0.15066438024454046,-0.1314302942199381,-0.15848983772611425,-0.09141407753910671,0.9665208216513331,0.660242643837042,0.6679855665096343,0.3789447215216873,0.7267540987642988,0.8952544054646726,-0.06409467003484011,0.5948222709405808,0.1595835249909041,-0.15929790636467925
-0.14459273015221136,-0.1538547582943335,-0.1471632832572591,-0.14862134215565267,-0.14606474281800036,-0.1282262415260599,-0.1528990819701016,-0.15613092210523627,-0.1622028201613036,-0.029960907705307935,0.051287770239722245,0.05298845915847122,-0.10867500773105834,0.1877467806383658,-0.43993652960520396,0.9709199728816398,-0.4208903717177542,-0.2986604348998241,-0.14343584815670943
-0.14770622518524373,-0.15448325241085356,-0.14746987253425184,-0.15040284044756577,-0.14628069280745432,-0.1601531453742462,-0.15204650450644627,-0.15617441984008934,-0.18215029713020187,-0.01922895449723884,0.15531717907817413,0.02375915189109507,-0.04311768846132282,-1.0424537867641153,-0.26242375777727933,0.42555018081573415,0.11046659423208109,-0.42077402310110085,-0.1659466581350774
-0.14922223639208243,-0.15475940891659723,-0.1477485900587907,-0.15245114109404787,-0.14891753903156577,-0.1614369194800299,-0.15251563480006133,-0.15126586776090076,-0.1824080290364309,0.3094867974684342,0.36951964628542283,1.1948874735473956,0.7872471975731606,1.0242947238522329,-0.3521920243124106,0.06996905883483669,-0.6884473424073398,2.0577502124216855,-0.16487885449792816
-0.14904876985484652,-0.15544146787259341,-0.1486750471103579,-0.151790327515578,-0.14845935041421765,-0.15670649098154424,-0.15306072530961146,-0.15875082413523267,-0.17444427522949146,-0.18375244704192817,-0.10060708717843166,-0.1717334473968466,-0.31425504170956464,0.39608919655448555,-0.5477451820720332,-0.2061658640974334,-0.5956213786280091,-0.24746176901335132,-0.16301765312814992
-0.1492145477508519,-0.15495819398754201,-0.14799832096077753,-0.15202046812637438,-0.14830289576439146,-0.1672976273542599,-0.15298051132158402,-0.152741444766301,-0.18380205066760696,0.20448589725368374,0.27211529235096227,0.2127286621276066,0.13903771871893383,-0.6420627971672185,-0.5000133276277491,0.023025469593979976,-0.7093694880341371,-0.29198234804506706,-0.13996775261847388
-0.14665436510953164,-0.15161693833399695,-0.14605844698998705,-0.1509585898341503,-0.14722240079497959,-0.15501804895111132,-0.15186906144202192,-0.14932854557013714,-0.184388836517009,0.5648012892208936,0.31007754467279497,0.5417081084126742,0.6315540434923212,-0.6857228646135335,-0.10939849698164338,-0.0892275049962673,-0.3202600268681676,-0.3892916136429593,-0.1610813236417699
-0.1429806783742125,-0.12747347968745087,-0.12520480180398935,-0.14412211781978063,-0.1383734535188918,-0.15501804895111132,-0.1395975366372779,-0.10117655308778994,-0.1859303650882281,2.596916503156206,1.6643625570018437,1.1470369136294527,1.9571665162329046,-1.2295904738685646,3.440481098203272,0.030766751394566225,1.7102343923857337,2.186223883341779,-0.16115065605305293
-0.14868726882856947,-0.1538250000501801,-0.14705514085773802,-0.15221009217917597,-0.14834057259843125,-0.16450681408081705,-0.15230051546853318,-0.15176776470151307,-0.18566614936045867,0.5439336024274259,0.44592555630273456,0.7221525213236929,1.0769480902580941,-0.9932420491958156,-0.03318943077017602,-0.08907829661689091,-0.37347950140880043,-0.33141486090172906,-0.1700095824365553
-0.14572471396285203,-0.14954576454091947,-0.14427911431333093,-0.1485600752147172,-0.1474254725445499,-0.1536226423143899,-0.15208235772836762,-0.14777935701344705,-0.17978046035720258,0.7226669959790958,0.44319759251873814,1.2040109224679176,0.6733042303414267,2.4620431372834863,0.1478793786692851,-0.1402216628890181,-0.16189736880564393,-0.6293847362782817,-0.15997358902040992
-0.1489173885117145,-0.1556366819542398,-0.14641186081110233,-0.15003343442082773,-0.14565945077273634,-0.16199508213471847,-0.1526383865090124,-0.1673064939828709,-0.18548946522348403,-0.3471166236536472,0.7797457968284147,0.15347047587189197,0.22010037365873253,-1.1817098988388075,0.04591072293034541,-0.29837053563140375,0.5044686874239648,-0.8856960698465864,-0.16761787568365094
-0.1493967820368595,-0.1550653236664943,-0.1496304907844771,-0.15126845128375427,-0.14757766992499305,-0.1385801587705329,-0.1528990819701016,-0.1593430625251552,-0.18079193651749778,-0.20707125895081926,-1.261069126451264,-0.5679865567016222,-0.8399785619065279,-0.6290504253757263,-0.6340152327454088,-0.18489204132916218,-0.6786062263917452,-0.8564396893400306,-0.1282050727843685
-0.1389488628236823,-0.14056115546612138,-0.14403161315154045,-0.13794121027515271,-0.1408230863218847,-0.12990072949012563,-0.14348487664797155,-0.1711041808335042,-0.07558544820371818,0.7110075900246502,0.09431624101754824,-0.7255387679746756,-0.19334978893557309,1.2134436333986653,-0.8083188974604834,-0.20102092219987375,-0.5671294301787736,0.4982579297678822,-0.13818466651541275
-0.1478937201205143,-0.15285726195031113,-0.14607739978165568,-0.15073140184701347,-0.1469640909751645,-0.16953027797301418,-0.15191949902540283,-0.14879988079269213,-0.1813041584191857,-0.40372436449497495,0.001129915118846784,0.5419325417620662,0.7010202474901999,-0.7560680973673811,-0.2690732590021039,-0.4045640953096945,-0.4647937387021942,0.3802783953338364,-0.15004999789801995
7.4320533242113305,7.338467646942622,7.424517123689015,7.389699978338823,7.425426166601294,2.3285266830856863,7.340719025231495,7.288667005018488,4.9419668585051815,0.46794872384930675,0.444756428966736,0.3982310743371931,0.4687224427432786,-0.7581525534354869,2.2525621598258136,-0.047971388098698386,2.954724125558695,-0.40868986593534956,7.45123716614098
7.4320533242113305,7.338467646942622,7.424517123689015,7.389699978338823,7.425426166601294,2.3285266830856863,7.340719025231495,7.288667005018488,4.9419668585051815,0.46794872384930675,0.444756428966736,0.3982310743371931,0.4687224427432786,-0.7581525534354869,2.2525621598258136,-0.047971388098698386,2.954724125558695,-0.40868986593534956,7.45123716614098
-0.14477442488444836,-0.15091940509104096,-0.1457897632963316,-0.14733867322755412,-0.14562879843317852,-0.16590222071753846,-0.15299509568304356,-0.1664064254693728,-0.14329437559424707,0.3863328821681885,0.20183010779858382,0.2671299363853179,0.10054568951699036,0.642199479843215,-0.3619639000254136,-0.07471040737929487,-0.4636953167481267,-0.843083515630516,-0.13335066411514696
-0.14928765728676316,-0.1551272208143334,-0.14820011244854367,-0.15171216500592405,-0.14803692285968695,-0.1624137041257349,-0.1525411574326155,-0.15173765088507632,-0.18176937261470608,0.09560956949157498,0.17367935547297364,0.013520251572567922,-0.08917984312641272,-0.5805919813369895,-0.424931785537013,-0.22422741433829224,-0.35276214631581215,-0.9009602683717459,-0.16740851565684503
-0.14497729710217996,-0.1576602425566718,-0.1529661821181582,-0.15072877729264944,-0.14721622775437418,-0.0565023403985785,-0.1525952411063613,-0.15645548212683225,-0.18184231560703507,-0.7690082533177722,-0.8050865413464497,-1.4833860650567197,-2.074045969530718,-0.4337513385194372,-0.6959423267609487,-0.18881244685366527,-0.7544196820079087,-0.6223886452875836,-0.07104019183860377
-0.13504788906251358,-0.15336910374974982,-0.14816555147550084,-0.1440806990712232,-0.14468677115044956,0.11027666082236656,-0.1523558145057339,-0.159985490609139,-0.12503431318122588,-0.15384209597129112,-0.09168962573326686,-0.18074284327957507,-0.3938211502616573,1.6873787734776917,-0.561304382395697,-0.25407505653810114,-0.7637544068853568,-0.18608697077677214,0.08164612812605249
-0.14548056588167238,-0.150884885527823,-0.1454162818134495,-0.14964582054818923,-0.14607921753390266,-0.16087875682534133,-0.1509502466700712,-0.14279719338296865,-0.17738630925342697,0.4570511540793847,0.2818809442163613,0.39515313125981966,0.4125270435666348,-0.5877843866808989,0.2181328046533009,-0.10859826342471841,0.3020574472712092,-0.6863074766116893,-0.16667102477940643
-0.1462523975504624,-0.1522620970672429,-0.146459800225323,-0.15065397749327442,-0.14730477895754113,-0.1636695700987842,-0.15202219723734706,-0.15274479074590508,-0.18054230938819413,0.3447631251431058,0.20290753887293528,0.44192143001758954,0.4102221454733802,-0.23642971013171868,0.1070283124489501,-0.10014604758122117,0.006053209703401055,-0.5896342192856786,-0.1689861950471716
-0.14935415728898502,-0.1565175259811808,-0.14984677558351928,-0.15222583950536017,-0.1486063326396666,-0.15141789982837003,-0.15314883916009614,-0.15381215823960728,-0.1812490459360927,-1.3304483979991664,-1.0263496207005127,-1.0587581680074076,-1.3689317027458268,-0.2641674225627502,-0.7278021108903254,-0.5135806445618831,-0.672194420951392,-0.5285774251850404,-0.15782216337615648
-0.14872004672013114,-0.1562627954112276,-0.1474408859116998,-0.15000554853070985,-0.14648759609946937,-0.14827823489574685,-0.1523035538771706,-0.15511709028519935,-0.1754492675682463,-0.550361268359549,0.2334194699359542,0.01627757557938165,-0.11942083641373936,-0.4907849458878567,-0.38636467843303063,-0.26743356691088266,-0.3355783587970953,-0.5963123061404362,-0.1549701994457191
-0.14957874654598177,-0.1557438116331921,-0.1486895404216339,-0.15244351348292737,-0.14856024769859538,-0.16199508213471847,-0.153138508570729,-0.15414341022041145,-0.18564183502968234,-0.4373445265511174,-0.09304214559255918,-0.21168258358858946,-0.3681016258736008,-1.1017782319895622,-0.5474271624482371,0.33451311082162505,-0.5029853115254832,-0.10149787061651294,-0.16817399236976013
-0.1495728114545056,-0.15830063997085325,-0.15276327576029392,-0.15238183645537254,-0.14899289269964536,-0.1563715933887311,-0.15334390499461745,-0.15485944985568503,-0.17939791488632173,-2.6608462393636625,-2.930284949406724,-4.86963644068041,-4.0129340420632245,1.1476491190905336,-1.4095494516841838,-0.2698320759014285,-0.706375822776272,0.6016092739486503,-0.16240919317537486
-0.14818426982596233,-0.15645681916310786,-0.15345338035105216,-0.15184593526116602,-0.14842444080527684,-0.12571450957996133,-0.15331169786306098,-0.15728528506864464,-0.180869742375982,-0.5412854807700089,-1.2444950271585797,-2.7918004301039394,-3.123613957914558,0.060099644190500866,-0.9930015662612623,-0.24663050158305644,-0.7187414475540961,-0.5950402895966728,-0.1347465058239129
-0.14455091473499276,-0.15464989857811268,-0.15051012329192176,-0.14896064782452814,-0.14642033124321757,-0.15152953235930774,-0.15077523433255677,-0.1478328926871124,-0.1577079108784534,-0.08617116879818859,-0.22279235582297743,-0.03508559952428786,-0.540915690426227,0.24364528816771822,-0.4487832573217097,-0.05142272386488003,-0.34570990502427373,-0.1838609418251866,-0.15800816799533732
-0.14663251318182385,-0.15062420330903914,-0.14389336925936916,-0.1491823406509653,-0.1449967003615338,-0.14636652780343848,-0.15019185987417535,-0.1516908071706192,-0.1822540382748475,0.7262774370274893,0.6019696695604124,0.425207514652106,0.6278426632116466,-1.014416820739148,0.02344697314039474,0.14240972702206886,-0.09900061067646398,0.969222055096243,-0.1532128639292176
-0.14121660732135757,-0.1493826893629588,-0.1432746163548929,-0.14781297941152968,-0.14461088532369712,-0.15418080496907846,-0.15074910401827513,-0.14522302859592826,-0.18314394278126106,0.2483742861447071,0.23195232974960317,0.4666832459016964,0.45850509743843415,-0.42813775386077607,0.3331402649678749,-0.08283787557356116,0.30030741907320335,-0.42745210995585814,-0.1603994196316445
-0.1458566348597546,-0.15700437085553062,-0.1498857960369547,-0.14913427849917388,-0.14627941562663943,-0.15755768902994433,-0.15216014098948516,-0.1585132595833428,-0.1682732980784598,-0.767517704261096,-0.4135205800486099,-0.4586233917336969,-0.6305229831572183,0.04470356273696674,-0.7594306080205778,-0.1342640224435808,5.8432259168303164e-05,-0.025494882126655894,-0.16352794500619358
-0.14831700005352078,-0.15807447731528732,-0.1527186809563677,-0.1503710997432257,-0.1477326345305352,-0.12554706078355476,-0.15252475002597354,-0.1575931151922202,-0.16020742408225974,-0.907960548712371,-0.9685580517975295,-1.6358404331078733,-1.4894259128926122,1.165851992873398,-0.7978531607501074,-0.1122763903651106,-0.6818121291119219,-0.3422270015237172,-0.13148374585448316
-0.14462051717139535,-0.15447372977272447,-0.146710645997408,-0.14655081481440016,-0.14463259739755055,-0.14603163021062532,-0.15244635908312854,-0.18334377422523696,-0.1409326435981732,-0.09352454414445814,0.09906152255777732,0.1972670409103516,-0.04361283188181949,0.25027014359209376,-0.23296357626381756,0.39574243210079885,0.0036143406189461155,-0.06969745702243045,-0.15276387529800575
-0.14480396545338667,-0.1545594335158863,-0.14808751056862995,-0.15062978238273098,-0.14786939930946488,-0.12990072949012563,-0.1525861258804491,-0.15212243853954577,-0.17423030911865978,-0.1098874604555265,-0.03288939795216744,0.00037486967961881067,-0.209380451396622,0.9565292634599021,-0.5244430169102566,-0.33937577116472645,-0.7065396552033192,-0.8987342394201603,-0.13822712595357284
-0.14861995949569176,-0.15582594438705552,-0.1465077396395437,-0.1504851858407374,-0.14631102585180839,-0.1603764104361216,-0.15306862517206873,-0.15745927600805693,-0.18336115080286294,-0.9102460572659412,0.4988113752076063,0.29374131924177577,0.4103543896799725,-1.0906748917455926,-0.04220962373602497,-0.336942880281354,0.12053856503124233,-0.6103044881218324,-0.16560825727587303
-0.14960977088778912,-0.15590093516232212,-0.1490429542427492,-0.15254931583072756,-0.14879099169915536,-0.10513226168832027,-0.15326369100658999,-0.15463192324260744,-0.18388796130301668,-0.5243925914610114,-0.4813528896019327,-0.6151496219809592,-0.8335193206218561,-0.6215174900800963,-0.5882493177936817,-0.5488958944991386,-0.8007730884695569,-0.5352555120397977,-0.11548854865535126
-0.14986012383733027,-0.15609852990350076,-0.1505513734855535,-0.15148235246442318,-0.1474983782827342,-0.1488503516168026,-0.15333357440525028,-0.1556959447567056,-0.18490105841869695,-1.1966633393343789,-2.158500439189853,-1.0265359514161543,-1.3721026030128476,-1.0063988882395527,-0.6326564216255535,0.0006210534219413765,-0.7766338697298295,-0.6538710547457253,-0.05553845653586563
-0.14149825438959132,-0.14953148058372584,-0.144042761852522,-0.14796873030957042,-0.14457853007638613,-0.1515574404920422,-0.14960423164370157,-0.1386515246535108,-0.17589178838837544,0.16182307092037188,0.15437729239629308,0.4034251032802609,0.3561554832640449,-0.5431749630055457,0.15481798864301508,0.14846583183205136,0.19405836666874274,-0.5864541779262704,-0.1580305901582546
-0.14560951923283685,-0.1545951434088704,-0.1496828896790904,-0.14884541348448221,-0.14683562787153173,-0.16387888109429238,-0.15228653878880113,-0.15336714295226436,-0.15461999086985995,-0.3354903410115723,-0.40675798075214814,-0.6771573502272118,-0.669337151240564,1.2359598865699863,-0.9380709039692335,-0.1602419025424551,-0.04957162274342686,-0.5737340124886374,-0.1692871509965775
-0.12160490686894256,-0.13857806607573803,-0.1475813595440674,-0.11663245339354708,-0.1288676095770032,-0.14565487041871056,-0.14613315361633217,-0.1279778497164885,-0.06721159268435134,0.19998112677128432,-0.05384199373849292,-0.44749790998527406,-0.3963461264002108,1.3367257950108433,-0.8673838148618597,-0.2502821275048141,0.4701160062435354,-0.8707498754573677,-0.15257557911562122
-0.14814285907407165,-0.15609852990350076,-0.15057032627722217,-0.14994329738188789,-0.14748986374396816,-0.15009226352348468,-0.1532260147394862,-0.15773699231519575,-0.162374641432123,-0.4916998821512452,-0.6235967154817463,-0.966419875686204,-0.9297032953881497,1.2281896122170968,-0.8266483921410867,0.1258324344029538,-0.47974717113451637,0.2937812703579317,-0.15668113154243624
-0.14931544430594715,-0.15644372553568034,-0.1481622068652064,-0.15097474724695392,-0.14681625729583894,-0.15976243151596417,-0.15276843039869328,-0.15469884283468907,-0.18400467009074303,-0.8420451570949093,0.2286741883957251,-0.11597779102650876,-0.2018642433562767,-1.1531363401626444,-0.4344723742508917,-0.13481530778223647,0.027276955934535642,-1.0211658317573777,-0.16561969776933552
-0.14874162887095366,-0.1553390995127057,-0.1488801832084185,-0.15187136063156761,-0.14877800702753713,-0.15289703086329476,-0.1521431259011157,-0.15553533773570963,-0.17306160028601103,-0.10640951265661522,-0.12415010235628314,-0.36926685676869886,-0.48008138159968244,1.929330463719655,-0.5841150626843343,1.0447242542107271,-0.7089003315385016,2.96915006602809,-0.1580352448760368
-0.1436792656186486,-0.1501504520621168,-0.14349870524462213,-0.14514282341541887,-0.1417995974866162,-0.15337146911978006,-0.15147528368261448,-0.1738880358641006,-0.1603127861822905,0.3298907578887138,0.3201870575193698,0.25218908769723414,0.2338996618578039,-0.6177510224322814,-0.422532182921098,0.11240128884043118,-0.5718917409559001,-0.1542865571826898,-0.07591318443570982
-0.12627420519939264,-0.14215857801227652,-0.13712164828317294,-0.1348945127451267,-0.1315142475206956,-0.10785330462992705,-0.14479929222451215,-0.14493527434997716,-0.1840938226369229,0.06559984848382616,0.11948686483963292,0.19178445480378029,0.11375777396290987,-0.6788916274002361,0.04700933617618604,-0.2750194650689958,0.45127900059734066,-0.10626793265562534,-0.11788705371242655
-0.12955280368621722,-0.13472139763345586,-0.13678607238362817,-0.1327349966074686,-0.13926066845831434,-0.1396685759471756,-0.14317313592177397,-0.1738144243128108,0.001995097481999248,0.49262559156539165,0.21872514400703225,0.6042929509859345,0.12297687288739578,1.8914284481842467,0.4636728650986696,-0.0819426252973029,0.24749007867168685,-0.188631003864299,-0.14702973037975248
-0.13089440413672151,-0.1404861646908548,-0.14119761336202927,-0.12286052089940375,-0.12205800076711922,-0.06850283747438278,-0.1427489740759925,-0.14274031172969925,-0.058497336534115936,0.31216978577045157,0.09250523985002122,-0.1363691639141079,-0.20568106775176453,-0.4639656324175251,-0.45150087956142054,-0.2196443779000314,0.12612003794360568,-1.08381264653772,-0.08189438773681858
-0.14337644106492026,-0.14210977449186493,-0.13797340903816374,-0.14835773847671485,-0.14474626649007735,-0.15306447965970132,-0.14808624268845494,-0.13541596237636327,-0.1704891440898757,1.1888776175950617,0.7402247080585842,1.3225437928538515,1.6381974375207515,-0.6084019273941436,1.1284784332066706,-0.13366088267820378,0.1541391064329544,-0.11867009395731741,-0.15952882632578166
-0.14766076778007384,-0.15873153934619463,-0.15287253302991316,-0.15072623475560928,-0.14814856974925678,-0.07436354534861278,-0.153060117627884,-0.16729311006445458,-0.16305057982770488,-1.3420415573288706,-1.1426663285996543,-2.2465556387100554,-1.833468591864354,1.787226282957848,-0.6969831182570082,-0.28813820634272924,-0.7875324495927296,-0.3737094109818588,-0.07398911893536561
-0.14389657089974275,-0.1502349654755125,-0.14411411353880393,-0.14927247768990515,-0.14511994831017241,-0.13352878674560134,-0.15060082967676983,-0.14796673187127568,-0.18325254679206202,0.3480423330677936,0.2918299886050541,0.46886345558150266,0.6406557016661769,-0.9794763838747604,-0.17360955011353596,-0.10195849054246954,-0.3295016651393389,-0.4977310239987804,-0.14143509071566923
-0.13271688188523983,-0.14789239649575592,-0.1430940073989917,-0.145161277313291,-0.1438808700562428,-0.14137097204397575,-0.15410897628951556,-0.159416674076445,-0.15083181813490826,0.0572858970788096,0.08741609732861609,0.38768270691577794,0.18569023372402668,0.5011891225626911,0.038827558582162754,-0.08601074787618243,-0.03447297520531269,-0.7594484278780792,-0.14965828684114327
-0.147028140984089,-0.15748407375128362,-0.15073086757135654,-0.15005820365263833,-0.14649770711425406,-0.14664560913078276,-0.15392120263572406,-0.16184585526900871,-0.17828756044753616,-0.8264109536559937,-0.5444399176150265,-0.6440053383313352,-0.9748005436302212,-0.5440108092506771,-0.7892666309076165,-0.03891014813629648,-0.3372464707815775,0.11410893355136627,-0.15361853261951208
-0.13542382315215318,-0.14902797109265012,-0.1455545257056208,-0.14907391374880105,-0.1472853019501138,-0.151934200283957,-0.15354443996468606,-0.1572919770278528,-0.1567029185396986,0.06003513200556806,0.010895566984245776,0.8216406189183783,0.23278397472681525,1.8255204238922083,-0.07750980197737614,-0.11589630856892191,-0.44808283114336395,-0.6812194104366361,-0.1573288086111415
-0.1422354197286227,-0.14415357070032125,-0.1387493586264799,-0.1459366690932158,-0.1417239245233329,-0.14413387718468418,-0.14703069952782108,-0.12722835028517407,-0.18323471628282603,0.7687084001742072,0.5541042209807103,0.5693134103878674,0.8171104294883453,-0.9146209067062211,0.49272829436366383,0.15006762766947418,0.2924360156464281,0.2511687161418614,-0.15134050018568396
-0.13498273794471813,-0.14440711094050832,-0.1444151284653059,-0.1426030749642711,-0.1415108481907125,-0.15641345558783276,-0.14504418796068688,-0.16359245662233962,-0.12352034085155329,0.28050389914417345,0.049797705987959504,0.1502963470733506,-0.03075306968779127,0.1322507175974105,0.31073433692770525,-0.1709580153828076,1.0618154338463122,-0.6192086039281754,-0.16237478418731582
-0.14787011464305216,-0.15667345918054468,-0.14921910371825775,-0.1496382749543926,-0.14537155293070922,-0.15920426886127562,-0.15235459914227897,-0.14970329528579432,-0.18478921249712582,-1.404479001147421,-0.6836806909259029,-0.3270413251759819,-0.5504871116026042,-1.0921298833574884,-0.6639379882571192,-0.7556510249444099,0.35439818424858793,-0.9810973106288338,-0.16505448258653424
-0.14077039635310215,-0.14350126998847845,-0.13754306918027573,-0.14330735772439532,-0.13790589890890104,-0.1589251875339313,-0.14731752530319195,-0.13677108411601657,-0.1825798503072503,0.6424423334175419,0.5314552443539167,0.3773587728437544,0.5764156110713508,-1.1279577619142376,1.7887160830819662,0.11778156746147357,2.4501463145026006,0.5100240827976924,-0.16488724002123184
-0.14791179517182815,-0.1553950450117141,-0.1484844043235733,-0.15134850019185736,-0.14836366828483416,-0.1584367952110788,-0.15327462927768465,-0.15582309198166072,-0.17669740321476438,-0.35248260025768174,-0.12797842128004286,0.12503156431324353,0.04793223323457336,1.193331728068278,-0.5052751068578277,-0.251261922022833,-0.5335065479915552,1.7814046182891092,-0.16429154608900864
-0.1487592992569396,-0.15443325856067586,-0.14747210227444815,-0.15197166781866808,-0.14862751255484716,-0.16394865142612847,-0.15250591189242163,-0.15076397082028842,-0.17912397342624176,0.29554188296041833,0.3325660528417066,0.7417799844257844,0.4570075116662202,0.854566340643301,-0.1810107340855146,-0.11355612347634012,-0.5113035306623875,-0.04902718818627686,-0.16942610250424728
-0.13834361838155354,-0.14822925981957255,-0.14281528987445286,-0.1434903383739629,-0.14269500766960103,-0.15309238779243575,-0.15108089824147952,-0.14987394024560252,-0.14588952516577364,0.17964341297574593,0.16444095711204457,0.33157436956782443,0.10336426753211984,0.47555650437865765,-0.08057435471577351,-0.027200703993157122,-0.1343102221694201,-0.5149032473395848,-0.14090644338440372
-0.1488259341476041,-0.15422614118136807,-0.14693696462733355,-0.15187332904734063,-0.1482861859820631,-0.16171600080737417,-0.15203556623535164,-0.1483749413829737,-0.18080490416057846,0.35725061390681595,0.5178154254339346,0.8647318220016066,0.8440043613827058,-0.3132759692365895,-0.10705671611550947,-0.10583351992450905,-0.4037438188415481,-0.3380929477564865,-0.16744923580812168
-0.146095252514786,-0.15182048472400628,-0.14475739358543965,-0.15005984399911584,-0.14626760170410152,-0.12794716019871563,-0.15324849896340298,-0.15570263671591375,-0.17919367450780058,0.41289777868939664,0.42680688574934783,0.5822664208384808,0.7060114793919917,-0.7263903961204887,-0.26783009138181063,-0.06007482075517058,-0.5127184470777966,-0.12503017667613375,-0.13685013220833517
-0.1485475244019937,-0.15917910333826196,-0.15655717870431693,-0.1507556789748808,-0.14735373755544592,-0.12056545909045926,-0.1540925688828736,-0.16347869331580084,-0.1759809409345553,-1.7747645101381766,-2.532667034840186,-3.1522403892271926,-3.2917891128172836,1.481709001728103,-1.0739809268296687,0.27205407804365556,-0.6590952737161057,4.683510362885074,-0.12962785285730777
-0.14092983449230348,-0.13806265328700093,-0.13031536633393392,-0.13968768716977073,-0.1393808298866502,-0.1089696299393042,-0.14048718268630955,-0.1033480938508393,-0.1653571993406857,0.8805658260496684,0.852048299137026,0.9953840932546985,0.8111796715815104,0.2548621383955941,0.4267536778634482,-0.08907752217893565,-0.09506863242732753,0.19329196340063148,-0.1193303310991129
-0.14929655992397745,-0.1561806626573642,-0.14947217923053904,-0.15270260620905204,-0.14901758486206687,-0.16618130204488274,-0.1532132534232091,-0.15402630093426858,-0.18450554530473534,-0.7415821506749289,-0.5922136699330816,-1.1345845781947848,-1.5236011713260569,-0.2013344869256402,-0.6196465279248098,-1.7998476252014024,-0.8023555607762642,0.5771229554812067,-0.13495871109650184
-0.14971457920772094,-0.1542594704148199,-0.1488946765196945,-0.15210232141560273,-0.14822381698560178,-0.15367845857985876,-0.15217776375958209,-0.14854893232238597,-0.18533061159574538,1.3526392739552278,-0.048294369908853045,-0.21591475531997792,-0.3555941859314636,-0.9317299570078024,-0.5776101158339625,-0.0482785681283331,-0.6315825963649034,2.2161162721202174,-0.15490350102174247
-0.1310670613433016,-0.14077184383472754,-0.13319507579746948,-0.13662253574187255,-0.13223063952612424,-0.15725069956986562,-0.14668310557970216,-0.1418469351754093,-0.17606360965919482,0.3229348622908913,0.34519721288357236,0.2855334710354466,0.39861031461693286,-0.8478357598112668,1.9206653160823974,-0.16249759623356225,3.6761341538119643,-1.0599623363421582,-0.16330904140167504
-0.14102074930264327,-0.1441226221264017,-0.13866016901862746,-0.14511100069375496,-0.1401962034052342,-0.14720377178547134,-0.14577340603366365,-0.12215584520538544,-0.184975622366411,0.6587058797914984,0.4942953343214947,0.4451055824530263,0.6865163147873461,-1.0852264125180686,0.693658874852927,-0.10147136906862313,0.7580254325295038,-0.5406615823507918,-0.1539669908523853
-0.1500585447364547,-0.15767214585433317,-0.15250462589752187,-0.15121194134760363,-0.14809822753880253,-0.1414128342430774,-0.15375955929621418,-0.16120342718502492,-0.16954088518959895,-4.863844621818816,-6.5638410134283145,-1.6401146500946224,-1.6298277243922208,0.27045428254860354,-0.9169659652991382,-0.25302391460768703,-0.6578665305132505,0.08866860267610027,-0.14873748196572137
-0.14819060958276645,-0.15472965067244382,-0.14780990791418927,-0.15061206664077373,-0.14736970231563226,-0.1565669503178721,-0.1520513659602661,-0.15498994306024422,-0.17367756333234463,-0.10717134884113866,-0.00042892132915114413,0.02111892354483363,-0.19376083156277943,0.13768887773548835,-0.40420268824049466,0.19895723428473433,-0.33501983915943384,-0.45543647391865083,-0.16260272882366394
-0.14891023942425452,-0.1532084092313214,-0.14693139027684277,-0.1512374487353291,-0.14824967989710364,-0.16528824179738102,-0.1516405731124892,-0.1527749045623418,-0.16977754467582187,0.9701975093244678,0.5737959931693905,0.6283714431849705,0.35662524626656655,1.1088493427733166,0.02720538687616513,-0.11617816954329735,-0.3018586665393489,0.1904299261771634,-0.170659807646838
-0.14105811340125476,-0.1401088301549895,-0.13637134070711435,-0.1441435243413123,-0.14336701764171164,-0.16196717400198404,-0.14326732658953348,-0.14662164807043462,-0.12722746581725053,0.9535033598896937,0.623518291047443,0.97188271538267,0.8677861133853607,0.47762032226787116,1.8485905049802773,-0.08816988089539356,0.8807321969237215,0.19233795099280926,-0.16752109341338967
-0.1482892130343368,-0.15449277504898268,-0.14753342012984672,-0.15185610540932665,-0.1482434004247637,-0.15278539833235705,-0.15269368554621315,-0.15135955518981503,-0.18245017387644322,0.1454932779216741,0.22397475498631947,0.5069732507895081,0.41988486381931367,-0.30609388298212586,-0.37534963509973435,-1.5030602807406424,-0.5842797065192308,0.6175094807456917,-0.15943426306853617
-0.149769748580761,-0.1556652498686271,-0.14803511167401667,-0.15183355064526072,-0.14779223630189756,-0.16353002943511202,-0.1526231944658254,-0.15261429754134587,-0.1855640291711981,-0.3190943013881334,0.5987603004027694,0.010249937052858623,0.016105789813736487,-1.1761066332695924,-0.3628312262721299,1.1073227625221287,-0.20160811504337203,-0.2582739096353394,-0.16892436905546174
-0.14890996964736924,-0.15564263360307048,-0.14853345860789213,-0.15203531326199596,-0.14834302052832649,-0.1672976273542599,-0.15289604356146422,-0.1548092601616238,-0.1822686268733133,-0.22558719056597548,-0.0071915206256128895,-0.11594572911945278,-0.2540079366361721,-0.5786519925211284,-0.47023512649049143,0.5947612058132539,-0.2243510346889457,0.06322827180083429,-0.1725644689442398
-0.14332504856827416,-0.1476567112020609,-0.14059781324922166,-0.14765247150870411,-0.14301345141945138,-0.14859917842219275,-0.1491484703480911,-0.1482779079744553,-0.18419918473695365,0.4447292818775275,0.4686433051257636,0.5626765956272809,0.8881033632444191,-1.1188769632016975,0.5028181897004628,0.4094093449526069,0.4232934432862517,-0.4780147675704492,-0.15536472295697232
-0.1496755964477978,-0.15627469870888896,-0.1490251163211787,-0.1517415272078717,-0.14795316108457593,-0.13022167301657153,-0.15308017112489083,-0.1567265064747629,-0.18268359145189594,-1.0273038431835841,-0.34596335928022776,-0.4877936631319702,-0.6972239195766741,-0.6873945571037966,-0.693398169770581,-0.3154621422761323,-0.48684037053281665,-0.637970847948684,-0.16139098855408368
-0.1448757261048715,-0.14888870251001216,-0.14807859160784473,-0.14521196401944644,-0.14487387813983355,-0.12964955629551578,-0.14904334140923695,-0.15699083886348542,-0.11428899993347466,0.5617208211704293,-0.13130241076474436,-0.1445128883063251,-0.34449603499689135,1.2935507247684932,-0.5129653995787117,-0.43148560494134824,-0.41298545711271933,0.8502885082543753,-0.13260136980154374
-0.14593837725599487,-0.15381785807158327,-0.14579533764682234,-0.14803516434191008,-0.14560857640360916,-0.1559669254640819,-0.15288814369900697,-0.1633916978460947,-0.15859457347409675,0.01651109955062097,0.2646878951575603,0.3258032262977492,0.14969464365581053,0.23928031333203129,0.0026600540940953997,-0.16821228893908735,0.10379786975840359,-0.347951075970652,-0.16212913359770992
-0.14317640150448413,-0.1343083532046065,-0.13226192952531335,-0.14538543065944445,-0.14029475919145123,-0.16004151284330848,-0.14549326475729504,-0.12849313057551717,-0.18582014012204207,1.9439566463948883,1.1689047312580223,0.985028097275619,1.5821781994700537,-1.134500064623045,3.098725646122181,-0.05896892335508685,1.901598114105546,0.6598040308258214,-0.16571124396149833
-0.1420291752998251,-0.14732460919730883,-0.1413994048497954,-0.14602032676356944,-0.14231227915206707,-0.16087875682534133,-0.14913449366835904,-0.15790094531579577,-0.1726061118228012,0.44403369231774525,0.35714065096308617,0.5345583031391922,0.5341369408444087,-0.7268134787877775,1.1122594323930768,9.810182352481217,1.1611165019582645,-0.027084902806359983,-0.1664956438088853
-0.14593136305697754,-0.1486756334818737,-0.1432623527838132,-0.14768019336417426,-0.14319832334240926,-0.16087875682534133,-0.1500843002084113,-0.14008694990366205,-0.18081138798211882,0.8828844579156092,0.5692111800870436,0.4439513537990113,0.5174016338795774,-1.0671164105402189,0.9191926098740411,-0.08176708602744828,1.389398371727498,-0.6395608686283881,-0.1665741757118356
-0.1487897840449764,-0.15562477865657845,-0.14851339094612534,-0.15230039325276354,-0.1484774438090955,-0.12995654575559448,-0.15284195988771843,-0.15233658123420707,-0.18476976103250478,-0.32217476943859763,-0.054254626915904144,-0.09407950850727892,-0.1746767095853403,-0.8853972453949555,-0.5500002303134953,-0.11515583414888242,-0.7418045851252624,-0.6309747569579859,-0.13833432994646422
-0.1397696589971509,-0.13799718514986342,-0.13404237707206762,-0.14539437054774693,-0.14147391637881473,-0.14050581992920846,-0.14573451440310486,-0.1258698825659167,-0.17985988717107193,0.9614198315462633,0.6560475398666944,0.9903183119398546,1.3158225770403178,-0.7879747219346244,0.7419978576699122,-0.11692321329757112,0.1164874359260714,-0.23633162425542226,-0.14342517433016647
-0.14715938743877838,-0.14621284119573735,-0.13528768697170723,-0.14683615308416514,-0.14246873380189326,-0.14608744647609417,-0.1486811630996585,-0.13784848954853104,-0.18033320614351772,1.5650921995001517,2.6174535005601247,1.0771419562474307,1.6250440734501477,-0.9841922077516138,1.064267380074778,-0.13337124288294375,0.3125613399234952,-0.37816146888503066,-0.15307102607464512
-0.1493640041452978,-0.15671035940329492,-0.1498701878555805,-0.15217343043540332,-0.1485276795878152,-0.1611578381526856,-0.15337003530889912,-0.15862702288988162,-0.181529471217713,-1.5448887222863257,-1.0777224512882102,-1.0513198055704218,-1.3416267282242602,-0.28763303196310963,-0.8320836366205084,-0.22326531594792093,-0.5428524432617565,-0.4999570529503662,-0.16680446215319153
-0.1489480081881939,-0.15572714701646617,-0.14834058608091125,-0.15159381400757083,-0.14765802588459767,-0.16478589540816133,-0.1529908419109512,-0.1611465455317555,-0.18301750826122418,-0.295013653294719,0.08136414405991814,-0.10934097626592226,-0.20280376936131986,-1.0094430196261428,-0.4314656432622753,0.040475397842201666,0.13893620189581,-0.8907841360216396,-0.1701964972889306
-0.1247312163040258,-0.13473092027158495,-0.14454445339669195,-0.12812496686703992,-0.1386644378812216,-0.10405779857804476,-0.14229382046210948,-0.24322007924028824,0.08379336907971678,0.37586591545908393,0.021303092681173308,-0.4116526978966958,-0.21307983504147937,2.7441670427389946,-0.639045724976363,-0.19513755714325282,-0.472601843236701,0.4928518594568883,-0.10601761400763729
-0.14346425344107935,-0.14147056740744965,-0.13809047039847006,-0.14440606179503976,-0.14259102386492065,-0.14862708655492718,-0.14446628263785277,-0.1509546916577211,-0.1326139005618994,1.2517456644744296,0.737129959228,0.8456616772283672,0.729227923374663,0.024302722902089912,0.834830676943441,-0.05274166775699617,0.38709764730153956,0.2804250966484174,-0.15539387343070743
-0.1425053315023467,-0.1546570405567095,-0.1490150824902953,-0.14526429107207942,-0.14198957813283372,-0.1109231992307142,-0.15053763077711185,-0.15148670241477016,-0.1648984689667057,-0.2079324650724544,-0.16199773435105708,0.09014820943634444,-0.46516640626962225,-0.5160563959412782,-0.4835919506899216,-0.21630642250488433,-0.6167520382528667,-1.0415180964575905,-0.12080282339177169
-0.14080465801753292,-0.12410841743858306,-0.11494688203086106,-0.1436785681322586,-0.13965244367328727,-0.14078490125655277,-0.14260616887003455,-0.1151460179348332,-0.18544732038347173,1.9533636671081338,2.7420228720074906,1.947911289980613,2.817185133099287,-0.8404885681256664,0.32741591173954765,0.043804930663013976,-0.4906271336761611,4.258974841404075,-0.05544745245660463
-0.1463240233135046,-0.15018497162533476,-0.14430921580598113,-0.14972463919643417,-0.14647216349795592,-0.13823130711135256,-0.1494249655340948,-0.14217484117660933,-0.17264177284127313,0.7144524145111909,0.4782714125986921,0.861878312273625,0.7033103421274927,0.018771690958996983,-0.15967450841629494,0.1768812511397588,-0.46036653970766456,-0.1485624827357553,-0.14443425667620177
-0.13805185468012174,-0.1483066312543714,-0.1437974904309278,-0.14949777927859284,-0.1468483996796808,-0.15532503841119005,-0.15003507798848537,-0.15332364521741132,-0.1801127562111457,0.1898122698735151,0.12817508563068034,1.1263890454854057,0.8635582463626663,0.4445476405932224,0.29069910062855997,-0.11986349606763506,-0.2277691748714338,-0.2744921205683215,-0.16142664208148932
-0.1325400431369379,-0.13167891475121102,-0.12998759452507622,-0.14253828127840898,-0.1398348676663499,0.06099089841336574,-0.14027570944514628,-0.1439549023259811,-0.15564119276246566,0.6916304522878586,0.45711250022366107,1.1326090554542647,1.2570434813498048,-0.41156529621039023,2.2976631246550583,-0.12898276113657964,1.1356889645876649,-0.2814882115590196,-0.15890367126439325
