매출액,영업이익,당기순이익,자산총계,자본총계,자본금,영업활동현금흐름,이자발생부채,영업이익률,순이익률,ROE(%),ROA(%),부채비율,EPS(원),PER(배),BPS(원),PBR(배),발행주식수(보통주)
-0.24228341507822404,-0.3496484652185236,-0.2672668782234893,-0.3529426085034253,-0.5501210828853448,-0.5000210667795971,-0.042898789445706347,-0.34951461698444736,-0.5332911340254404,-0.29901879046831925,1.0473750324296545,0.4077007374676837,-0.04330346587975374,0.3509812246006146,-0.151921003439922,-0.18263139751443347,0.14879414978006547,-0.6323047825858845
-0.1922478960186318,0.039307059078788446,0.13113926683571397,1.0294854435016507,0.1271806919076691,1.4048528269216445,-0.40429561031230243,0.40063690845418526,0.23111281475066484,0.043023987701733504,-0.08334794211832312,-0.6647122568909857,3.602371809729331,-0.3528548283358866,-0.1867445603473931,-0.27290648901312897,-0.6307453301575191,1.1575418443652452
1.2418021907573573,0.891893631175724,-0.14311444498194148,0.07080349779872314,0.6005672252034205,-0.30899023782183804,1.85282621779995,0.35054828914590624,-0.25574426395828886,-0.3886695724333929,-0.48715461144793937,-0.6149853201446958,-0.138083451693075,-0.19955664158860317,-0.08639280495812152,0.09422213597600913,-0.4929695795824699,-0.5624248541639842
-0.08321799153423066,-0.20394331129141763,-0.2286725392470176,-0.29222754113080346,-0.3416591657380808,-0.3856624752946802,-0.05195668571457089,-0.22557207157195303,-0.40793502005864685,-0.31609026206258073,-0.15504291605184564,-0.2722134794281307,-0.257539372868381,0.2555936807655166,-0.15830188340870371,0.17097922748250277,-0.514385499360975,-0.5998214845734826
0.6729972836064565,0.392918512467609,-0.043546410747502186,-0.09748932425059073,0.19888251414945474,-0.4237032464291257,0.6620905953050057,0.07864196519101432,-0.3005964515243894,-0.3380685039354323,-0.33347659557249626,-0.4420356596371587,-0.1960595301828673,0.9039041016844792,-0.11102223746037725,0.9514011701450296,-0.46370115588517963,-0.645405889850579
0.2937954638238824,0.9517344878034,0.9404143122486063,0.21776450348106707,0.0734391006848408,-0.47863790039657034,1.3170863118271354,-0.3184475495250616,0.46706598951079153,0.10824314265466038,1.0144210645902556,-0.19715395226391938,1.1061900891490284,1.4925634663357035,-0.18883840598984364,0.11015531291838677,-0.5086745874200402,-0.31786167408729643
-0.3732680947238549,-0.31853282677734523,-0.3927593926794981,-0.26636220115140663,-0.30452012564984854,-0.3566002712602901,-0.17388391365014608,-0.1359173667947133,-0.23830174657147218,-0.42056357924422866,-0.728763458582658,-0.7213196502939951,-0.15037251626131917,-0.4820063912687168,-0.18506449062102429,0.13496980357427968,-0.640025562061538,-0.6107294378557847
-0.2543872841138188,-0.3036981599027099,-0.22427463635228706,-0.2935681300737108,-0.29602111854985774,-0.25824951980244565,-0.28065493682285775,-0.3093486452191612,-0.40812669607388674,-0.2472932537815151,-0.23734746011902869,-0.24437890477140223,-0.3786522465697423,-0.0785785754514821,-0.17574040806590124,-0.042009809783686805,-0.6171819142977993,-0.506508270501967
-0.522799797964266,-0.20230617473043888,-0.12229445593181829,-0.3643587581956686,-0.5311917374358051,-0.5159698372862747,-0.17618148837010744,-0.3431227467515878,2.1108794962068496,0.8223826669511305,2.6688710011907375,3.3034347458569853,-0.5390947295353907,0.2762465859180814,-0.1697034078559161,-0.2625707786969165,0.3408235637939942,-0.5087795004370947
-0.5896425364642658,-0.4812822797472787,-0.38988430934665486,-0.37824369154887133,-0.5986032452589293,-0.4839541572321295,-0.3388809320988948,-0.3522285679854332,0.06588808961400408,-0.049591301306655,-0.11003261851510507,0.04741500707946916,-0.5325589723492834,-0.4881945276440171,-0.1675932819157061,-0.3461619754479128,0.11809799809754129,-0.3704156390429073
0.5294884818566526,1.6822891015206334,0.5928094277739633,-0.05227632251868777,0.6050621687663807,0.03892923730531131,0.8780470422036087,0.08143451764592133,0.7070443605909531,-0.12482844557837007,0.06920481631870143,-0.0010609375474172323,-0.3891635391569062,0.35505508104768724,-0.18371841846998282,0.04212271158786525,-0.6228928262387339,-0.18791892819217768
-0.041504063893029665,-0.4376922633383975,-0.3619009770774138,-0.21542269366957223,-0.2773895200012916,-0.014942165295021495,-0.23724245719891032,-0.13853888248588805,-0.7780614054865955,-0.40676328783569393,-0.7078658204405998,-0.6869173670103983,0.14306342014980303,-0.505508417544076,-0.19092060101673636,-0.2162610714764439,-0.6036184984380794,-0.23101046136910372
-0.11106139043531314,-0.33483388590905355,-0.3951228086395472,-0.3001727766345956,-0.3642534421540443,-0.40923121393232575,-0.02340445207600055,-0.23899216940861684,-0.5999943873288719,-0.4316038123710564,-0.7221726650147781,-0.7219451463536969,-0.260191647571546,-0.5120833124428327,1.588462097602192,-0.25468236581447284,-0.5165270913388255,-0.18059025614782484
0.38489094158721626,-0.048565994737179735,0.12107647517076266,-0.057834636297922314,0.2874306031358999,-0.10236505547977211,0.9898805181491164,-0.24173315930975156,-0.5469001311074625,-0.27131598327044587,-0.18060233501020917,-0.36822712459235096,-0.17282192166641688,0.15954864744054303,-0.13189717866389045,0.05478290572410802,-0.2738133338491012,-0.318019635700281
2.2016246339315644,1.1454890976061023,0.7592962448359782,0.29101306416910055,1.0848278431953458,-0.4242939416330767,2.1617682395514963,0.34084383923899786,-0.39470937500710446,-0.29145418628882613,-0.005865929930076577,-0.2944185895475432,-0.0780016627014206,0.04305698017551466,-0.14527266143652065,-0.04289501252271066,-0.4786922997301331,-0.2697217796549196
-0.419506093826969,-0.5166765695686837,-0.40771957205547893,-0.3365049550788395,-0.48274291351831417,-0.28453545637826594,-0.35494058997198047,-0.34181356093507886,-0.9729959129854168,-0.4497997521541614,-0.7596276626078516,-0.7610386500850569,-0.23558475189814704,-0.526870379989644,-0.182473012705485,-0.22012733850894703,0.17377938952165461,-0.49917233906270114
-0.41418724324572415,-0.32874735366394253,-0.2860889280084164,-0.3420230559770346,-0.5025356100204839,-0.28500801254142677,-0.19784099784879378,-0.3056537480732407,-0.14553055519543523,-0.21131027173852093,0.20536096636734197,-0.06173405533848804,-0.21245070291457507,-0.45626116555731117,-0.16012062524411697,-0.3387383648574646,-0.3930286206161129,0.41673260434471787
-0.4790825914469412,-0.2234182057192565,-0.14477127266527484,-0.35286329976581965,-0.5408805825377557,-0.3075725693323556,-0.14405438423505487,-0.33509470865390784,0.84485941554833,0.29245147686339784,2.3880388947740014,1.459159613826344,-0.14017765558017276,0.2592292108860055,-0.11718914780146332,-0.2674129415985889,1.7535604051827123,-0.5220581705623901
-0.018997951545457838,-0.20363597154438723,-0.13009372859998028,-0.20719376586454202,-0.2469745016265512,0.003960081231411069,0.4677204470296055,-0.2802179402974112,-0.4767850447327635,-0.27951437861092354,-0.07849326002686036,-0.36728888050279834,0.09827737416429741,-0.18885890082980275,0.7589492300150499,-0.18907419969116274,0.7821342840297221,-0.2122575082741915
-0.2368745621126896,-0.3125366885754784,-0.2999892249693237,-0.3210547512886675,-0.45423738395638114,-0.46493377166490674,-0.19979588345798124,-0.2738673201075695,-0.4570040799600218,-0.33397952870327385,-0.2164498219769706,-0.3153727075475522,-0.14975115906404837,-0.3139469208761858,-0.13557525223845593,-0.22223548142477606,-0.3994533965496644,-0.4579546581297943
-0.09433401181967885,1.6735510106736917,2.440927613193382,-0.0985050186466871,1.0658203248142764,3.9198361069437606,1.9380234037716686,-0.20981153684333614,2.137905814355653,1.3408647263888196,1.176618886785153,2.1043587994087107,-0.6401860935469161,-0.013023005725644417,-0.1796988461782712,-0.2705805881129402,-0.500822083501255,3.682920789310573
-0.45946642662588194,-0.3688521775166298,-0.34800068011650653,-0.3511239330859374,-0.5580234465814542,-0.49399597569929676,-0.21331652655578753,-0.28489164562871977,-0.13383831826581075,-0.2913519619080222,0.008923167831995097,-0.26345653459230595,0.1484197493225725,0.5271497320349453,-0.09881832690930609,0.2061516293770916,-0.1053414315915281,-0.7075366624500122
-0.4211812994958436,0.01499106144609226,0.06585294657848156,0.23303199398238902,-0.2569093615424338,0.6430922919064122,-0.7340248419878382,0.15860228104744786,1.4720233374127776,0.5093716129294025,0.4759050047756796,-0.5674476196073619,3.10026916787549,-0.2721770003429087,-0.1862096362781539,-0.2874580128009469,-0.5386568751099474,0.4179668464132222
2.9745926915866776,3.7363129461591296,3.0097311759495273,6.6269601858716705,3.406370776503681,1.9493556659236926,1.5776858037929191,4.3612918581981095,0.10058144837239813,-0.09354778505235808,0.07434885032290048,-0.6387541704133627,3.2634847449993285,0.39178424882525104,-0.17888881830199474,0.06021362925162024,-0.5507925629844336,1.6129870348582014
-0.3204824221636708,-0.24997396686789286,-0.27665962928121024,-0.2579012194907907,-0.2638690516524493,-0.46363424221621446,-0.08023632574229835,-0.15585006669745932,-0.15204753971358667,-0.2729515733633093,-0.31900899993568677,-0.5023960293983788,-0.19308507026630264,1.4954254794092798,-0.1337335850857896,1.5999845878993337,-0.6043323624306962,-0.6816453709482347
-0.44181579774559926,-0.5099874103686111,-0.4026881762230033,-0.3577371966927593,-0.5402816399300059,0.6117854460970082,-0.3594734323008533,-0.34544683454112535,-0.9287187534650356,-0.4289459784701534,-0.7937068878856695,-0.7238216345328021,-0.2973580132601496,-0.5281853589693953,0.11326461781467055,-0.34636509027063433,-0.3109342614651768,0.39239058503500457
0.5386643701001157,0.2433967211590802,0.15250747092811656,0.017986910476938768,0.632388206743762,1.3278261723264317,1.948600035872372,0.07725292029732152,-0.3395066826180577,-0.26211578899808946,-0.2953785937288979,-0.4098226125625181,-0.2656342763550474,-0.2882790468694714,-0.13159388880883288,-0.17654078699310244,-0.49225571558985304,0.7672757553894611
-0.3496969057738105,0.21832743983268216,0.3631073250588827,-0.25714962159517185,0.01732243186583004,0.6077687187101413,0.08606135364961494,-0.31729242255823786,1.4540057919802416,0.6594370039496168,0.34537514191913166,0.7808091370797842,-0.5695239722795122,0.09067984636376333,-0.14790907292062808,-0.12878424093077812,-0.24168945418134372,0.03098195497418918
-0.2894526485284638,0.3038201171765525,0.48137558351329807,-0.08890100180001644,1.2662626188681367,0.4265434301379691,0.13311101088109428,-0.32881036521001233,1.2291698261040203,0.5848132059627256,-0.35807150815507244,0.012387227736170566,-0.672145716054686,-0.021712180552628583,-0.13723351685309745,0.1183087197904742,-0.5479371070139661,0.1903899394765525
0.4730722292463339,-1.3842384214964123,-2.3075527097965907,-0.055828141193992195,-0.016536793903956088,2.0130916784300075,0.6877143947242355,0.22425838991351363,-1.6066768193680157,-1.091973312364643,-4.006799127758429,-2.1415084538468436,0.2929888572209055,-1.0107568606365647,-0.21238316025659967,-0.31726015325478724,-0.46941206782611433,1.898202100802272
-0.30666923365225296,-0.1941204919255453,-0.2640628658652785,-0.31405627381347545,-0.24018380300087214,-0.41578793069618203,-0.1077527036596658,-0.33936874131231864,-0.02956656597538922,-0.26497807166060033,-0.4337852586543754,-0.2500083693087181,-0.6087270087813922,0.27035496441076423,-0.030638433398562794,0.5627574894690923,-0.22883990231424056,-0.6420919452254836
0.7454012984647392,0.33929475725861896,0.5783121855447962,0.028050503106917774,0.9675569498813927,-0.38223644311176425,0.9217866341605675,0.02212248932873095,-0.3615494243706284,-0.18186965006698022,-0.162598215995513,-0.11521396844298855,-0.4170785865750339,-0.16452921131424708,0.24376233057630492,-0.12610879359148705,1.4465988883574725,0.6410482812425822
0.02209858877254355,0.06746982544065552,-0.06063853751012523,-0.19415454769758145,-0.02584971917340348,2.5204397891035364,1.143265048775959,-0.08252559998685623,-0.12693798171717996,-0.23839973265157055,-0.16822450318760543,-0.3097432430102363,-0.27338973470616773,-0.4328493829374249,-0.1606708328581916,-0.3090443948557248,-0.5165270913388255,1.831526535690106
0.2970094199338376,0.005680474991937216,0.011396919045391668,-0.27834994822413966,-0.2846458074103463,-0.3807006355814916,0.33269626435136257,-0.25692902119339966,-0.4110018363024828,-0.2703959638432103,0.4947128791035318,0.2982389270198752,-0.2877384833172169,1.3612847315238636,-0.16524825453639547,0.2291139962657952,-0.3180729013913452,-0.5947991760554211
3.104320966980652,1.6192442782490788,0.31357305034981264,0.21025203517322355,1.0416200544961505,0.5477540859887179,1.6886236150170861,0.1915771629964053,-0.4054432318605303,-0.37057585703109186,-0.4435910734748797,-0.441410163577457,-0.17472626640990407,-0.2568613628140405,-0.061144388890031896,-0.04662949110047116,-0.3980256685644307,0.22768178899614033
1.6312860571193413,-4.448108019695325e-05,0.5461136887282512,0.42081769096574045,2.400678311577439,-0.05806291518344578,2.4843399418451866,0.5566236946012115,-0.7071412798478898,-0.29022749371917866,-0.6109329296739762,-0.4132628408908778,-0.4004745414701872,-0.11913665261126287,-0.2056624065857909,0.8160567889246217,-0.33806109318461647,-0.3190817988703475
-0.4849625052786366,-0.3769976851911926,-0.27311450534113657,-0.3378978845970681,-0.5491059843773924,-0.3905061759670785,-0.04166822400247284,-0.3411300426917815,-0.014424160771449202,-0.028226405718627178,0.9878971392561047,0.10558614063173304,0.39684180877585645,0.14449084892731232,-0.11694461108409683,-0.220243066721893,0.6456434886413831,-0.604594552886917
0.4761751340272866,0.06345231240757884,-0.02456598772813884,-0.2001641393640368,-0.16644373652964167,-0.3302552651640747,-0.079254988743264,-0.050538581110778504,-0.45182882754854853,-0.3018810731308301,0.12353867548805275,-0.19371372393555966,-0.06572410474794059,0.4293771773052004,-0.16279524559031291,0.1104108597069737,-0.5150993633535917,-0.5446626806787995
-0.4208967758293797,-0.30015270465101973,-0.2596527804140529,-0.3455191830035978,-0.5040944702433416,-0.3432505596509971,-0.2965588269183189,-0.31109108224968296,0.011643777301156183,-0.1514067845873999,0.3934397096458654,0.2538287067810504,-0.2779808739971129,0.001171032085200673,-0.12784942032415855,-0.1970020074020133,0.06812751861436298,-0.557589162919766
0.10320452770540912,-0.17029663963940103,-0.16933130655939324,-0.30361783968523565,-0.4066346670625063,-0.29150565978488796,-0.024237809686291596,-0.25583111608503045,-0.4993644793280055,-0.32324596871885797,0.1642086943337506,0.027711881198863773,-0.15030922988011564,-0.09780047406725868,-0.1742884713065377,-0.17066132141539128,-0.5586450669032188,-0.5061182609057359
-0.17207720037823956,0.5248235091260969,0.6182222406227387,-0.03333621512401827,1.1313453358632783,-0.5009661791059188,0.6577836162536883,-0.17968705801937157,1.0725705216531476,0.401218218038812,-0.1801200818223155,-0.03139749644295247,-0.5632701271551295,0.15744725946309734,-0.08183830859717076,0.09465056654393592,-0.20456852656526828,0.2103391630983864
-0.15539554878042985,-0.03199375347573871,0.01268827003387212,0.18085657870828964,-0.08856510309507208,1.5854874202898657,-1.0164707647654578,0.2527435568145009,-0.007715500238058182,-0.09620561895326116,-0.024191551070035313,-0.5733898321745285,1.5491544844218859,-0.39367074451130485,-0.17105600157384948,-0.30127548906664997,-0.5200964113019096,1.2026399485254837
-0.46947628857538337,-0.28881327411516106,-0.0883294884234839,-0.3156856933701982,-0.32613494121782177,-0.3900926893243128,-0.19608082196163698,-0.2868422193092245,0.5713377418012132,0.5271586551892918,0.37286357362906986,0.5315489572886323,-0.4947827560781733,1.075302587329516,-0.17167498513968338,0.19373611774822055,-0.5686391627998544,-0.6155067954110536
-0.5952981701609169,-0.48670592234193216,-0.3962070561676109,-0.3792324177826833,-0.6039098077874776,-0.5030926818401424,-0.3488500698668626,-0.34954857281254126,0.2100284530742928,-0.005225920037736005,-0.20793001565751607,-0.06955275608476003,-0.5173012011718566,-0.4730980532784407,-0.9061333739775054,-0.3329174719263058,0.1545050617210001,-0.5613124481077166
2.711588304876085,1.3497695915554653,0.8199288285120828,0.5900143453888941,3.534098449011672,0.049443611935639425,2.627140051982445,0.6489294692163003,-0.42422748135402527,-0.3108768186415787,-0.45886242442484526,-0.44109741554760606,-0.4777932393787233,0.9709422457502327,-0.1165243136011232,1.6748234252312404,-0.540084603095181,-0.2426659560572378
1.0185382116647117,0.23966043403831896,0.007120841715612125,-0.16699425720375854,-0.021515719881239962,-0.1760838169328591,0.4925295809718592,-0.09765732308410476,-0.516231968669103,-0.3537088341984383,-0.07547114004939348,-0.20810013330870009,-0.16703984774736938,-0.14396654981715537,-0.2640604696593122,-0.15124448908331176,-0.3773236127785425,-0.07235962010275224
4.937541063814956,1.770614125552823,0.167540745643068,1.6158731854676682,4.758342887262185,-0.5014387352690796,3.8891004907961904,2.8967147401570394,-0.5449833709550651,-0.4055365952660464,-1.0632864199182197,-0.6816006505029333,-0.13629992640461264,-1.2848268423084592,-0.23800522957169085,0.8175418889307536,-0.5779193947038733,-0.3048822167718369
-0.5294447320624233,-0.6093003325462649,-0.6587411486369816,-0.31925378868782806,-0.46384460732099936,-0.2968219166204471,-0.4671089666393809,-0.22311404690493408,-2.205089338946501,-1.710328591847802,-3.0357019584032483,-1.6967807553988916,-0.06743859034781756,-1.1861905268763284,-0.28186756252804956,-0.25290818145600225,0.34510674774969513,-0.5113576109362968
-0.26258258186393285,-0.4333433054800921,-0.38056465362790454,-0.31528420285950237,-0.47817554503349563,0.2459088367697479,-0.31460452395611693,-0.2196002475088476,-0.718258488731795,-0.41289675068393156,-0.5839267511519318,-0.666588745070091,0.08267095255951322,-0.5096983015481856,-3.0810989778994258,-0.3348754043453314,-0.5557896109327515,0.6210493317938369
-0.5898435901775578,-0.5089026818496805,-0.39358780652116476,-0.36647105147471454,-0.5092010020353285,-0.47509372917286424,-0.358733535357137,-0.35405903864434657,-1.2539929513268837,-0.07208066508352634,-0.6313483146281407,-0.551184722055116,-0.6847914856806225,-0.49987463505239643,0.9310174911899775,-0.30199111454670396,0.6484989446118503,-0.2824445816654847
-0.5820874169636957,-0.4436381826273509,-0.24396164764836611,-0.3742800099927618,-0.5871371155666112,-0.4741486168465426,-0.3280784367206359,-0.34787530506147,1.141573887139456,2.0997785294774243,4.839331848837424,4.078111615797618,-0.436559285370949,-0.28460484089663685,-0.039090233692541956,-0.3450788538467485,6.079576200440736,-0.27371626831595935
-0.3756593274258079,1.2691330830903262,1.6381702355053678,-0.1737501010058533,0.6824269301363357,-0.5038015160848837,-0.2658336327818868,-0.3294891673660745,4.633431694769521,2.4366589764168767,0.8513391115508859,1.867608540811594,-0.658901602461007,1.099565238701006,-0.17387963648219062,0.023208942712061323,-0.5368722151284053,0.06775504958262331
-0.5777019782066158,-0.47147954794657176,-0.3498036984777811,-0.34510652224816885,-0.46037970709113707,-0.43622598475288726,-0.31387241540128175,-0.30135204770304963,0.00761858098112151,0.3345679217546296,-0.41047635457284903,-0.3541534632490614,-0.47553218957754356,-0.4332748173132268,0.10914486766605457,-0.26898164933407365,0.2544460206873571,-0.3149379858367296
2.7095269599455802,0.15722106659958693,-0.9108957029725286,0.5101790105315487,1.6980990894538968,0.23673337126837538,1.017015265011304,1.089065541780961,-0.7194085448232335,-0.5001963718905141,-1.0454430519661548,-0.8454806181447947,-0.10270636460031593,-1.0654058400009356,-0.128080346079012,0.18842490131407708,-0.46013183592209544,-0.0001859451846507735
-0.5294534419705803,-0.4754066669364042,-0.3716470222734925,-0.3389445365285679,-0.4294634622730589,-0.4037377485355813,-0.385058289775677,-0.30502619406513504,-0.6068947238775028,-0.26487584727979635,-0.5294321409199494,-0.5127167143834578,-0.4920211685347476,-0.32616849021740396,0.07348835756505388,-0.04519729542025733,-0.5265211872354612,-0.6324817755061322
0.1659354637295966,0.561834847943315,0.49173075653413184,-0.09203696822139673,0.20207380911896308,-0.4844267133952903,1.988671296666274,0.06601039714008647,0.2633143853109418,-0.016368377545367727,0.2042357089289233,-0.0029374257265224754,-0.18317787495426308,-0.11508858006575393,-0.15899728469871469,-0.21179443481678,-0.33163631725106507,0.5400548418151495
-0.5792283896111406,-0.49127584341705677,-0.400921705531214,-0.3788628422569395,-0.6099935012235862,-0.48966421087032264,-0.36827431173663744,-0.3460681004329173,-0.5677928167685947,-0.31915699348669957,-0.20439349227962933,-0.3119324792191925,-0.26378171137799944,-0.4845976733758738,-0.41942191365342585,-0.3389046355960646,0.8919265660941912,-0.5806467716999743
-0.5536713416012865,-0.44751006081297845,-0.3515762604478179,-0.37356383773043966,-0.5686963509391323,-0.47214025315310915,-0.3393871773761744,-0.35225183401579385,-0.022282877396278874,-0.035126551422894524,0.1918578771063197,0.6295954646468833,-0.6046450371937662,-0.3711807363723228,-0.1630932747146033,-0.3030865175092421,-0.3912439606345708,-0.49367012901577
-0.26257024282737695,-0.2525050000787311,-0.18151386305449166,0.5080552278579201,-0.19456759824940006,0.47864274712644883,0.3887804526850629,0.20285930128641663,-0.26590309276599544,-0.19515881957149514,-0.24667102175163924,-0.6975508000253282,4.076012839963742,-0.3828543978053112,-0.1821747804416069,-0.2644715555495484,-0.6450226100098558,0.25998635488886596
-0.5454840279336498,-0.3369932991643323,-0.14575805974137782,-0.34085512710271737,-0.3689622116767769,-0.39405034719078463,-0.173291996095173,-0.35267942592512436,1.3779104139300624,1.1343714771648186,0.1915363749810574,0.7611060111991785,-0.6417855129991501,-0.39173695189402347,-0.13949548148873744,-0.3122899807787949,-0.3437720051255512,0.5231852037368242
-0.12117722293405908,-0.05879056540635967,-0.1114763457641709,-0.2556421172809657,-0.036961771469969235,-0.39802769489738815,-0.06314860053689102,-0.24279522215513274,-0.11869591306187084,-0.20763019402957833,-0.3111321978667571,-0.12240717312955893,-0.5048050175378556,1.0297553252171494,0.08589859597140302,0.8487502452619015,0.03528977495398863,-0.6126342539211658
-0.3004670532187463,-0.23212616521845006,-0.04929657741318859,-0.30649800750222594,-0.21892076562478277,-0.3225762275127115,-0.158883476664907,-0.32089174033619045,-0.16891502905468417,-0.01790174325742716,0.0823864034544612,0.3989437926318588,-0.5862833566836766,0.6710367947114594,-0.16870997744161478,0.2726603971771484,-0.531518235183779,-0.568935646132814
-0.42274690548707516,-0.23943803893864946,-0.24896867836785155,-0.33562362276939095,-0.5145604462528528,1.1763719220333908,-0.18627524036017484,-0.27266251702186767,0.2679146096766958,-0.1399576539373563,0.6080423782585398,0.05836118812425002,0.04020579077196181,-0.46803151662116355,-0.18785192264137654,-0.3503494473163477,-0.3473413250886353,0.9539883512672543
3.8108752491125006,6.373318107027374,5.960321993949372,0.43478640115444206,2.8218510746209953,2.0068893787885216,5.04980408576513,-0.1863769849654997,0.40266284839023697,0.08013143793357125,1.0562163408743717,1.2496184338262544,-0.46632689776612474,1.1551682224232356,-0.18494110205681527,-0.006541710496019422,-0.427294092261721,1.6188285983594426
0.7154072780745425,1.6370418609856083,1.5378590653247275,3.995646591695732,1.6216942456990495,4.454848443002329,-6.497572805094099,8.0976610176423,0.4695577777089084,0.09914517276310798,0.06743655462975794,-0.6484493593387399,3.790631533887611,-0.26468677693863896,-0.18723363378212607,-0.24978446442656518,-0.6086155463863973,3.9515548674833174
-0.492205519736912,-0.4613855464509668,-0.5907503008378375,-0.305538483479645,-0.2565403393215361,-0.5102991633283449,-0.352292537752364,-0.2855210860717195,-0.599227683267913,-1.0260385867460884,-1.1237288194675572,-1.2661267182942288,-0.5314831038688238,-0.7104388671727714,0.1578336266974229,-0.1822785445549613,-0.3744681568080751,-0.22882464022754626
-0.5333220928436746,-0.47692327810639057,-0.4218269724768029,-0.35860496513360324,-0.5222374879698469,-0.4514659210148235,-0.3764988503952109,-0.3264906791018944,-0.599227683267913,-0.5038764495994568,-0.8395209407355662,-0.8708132085627159,-0.45004503787467753,-0.5959196683773701,-0.4542645009350692,-0.0467234907509864,-0.15602577506732337,-0.665193090789591
-0.5129561500954284,-0.5009580498267714,-0.42450713490572456,-0.3489738205497235,-0.4969784342702667,-0.48903413598610823,-0.39204447460213576,-0.310589290567851,-0.8738994131064683,-0.5013208400793576,-0.7601099157957453,-0.8620562637268914,-0.3843940473371148,-0.5232606337707189,-0.1261587987811098,-0.3026259664577222,-0.4130168124093843,-0.4575369564831987
-0.4588364099358545,-0.39865208043947553,-0.29637100569027947,-0.3518182435835675,-0.4518209206905648,-0.48454485243608053,-0.2453579584131467,-0.3498327956699197,-0.3017465076158279,-0.1613225495253841,-0.1417005778534548,0.13560995149741759,-0.5998496554907552,1.4526370947642344,-0.13534599906592487,0.8752033529410996,-0.3673295168819068,-0.6981197553915106
-0.42401129382120845,-0.4094591904984516,-0.34781794176908004,-0.3516720729524875,-0.5307054558176127,-0.4779290661518291,-0.27726698765952495,-0.30079303416276315,-0.46102927628005647,-0.31823697405946394,-0.15118489054869655,-0.27971943214455175,-0.21731224765248067,-0.34242524015334913,-0.16386509372879127,-0.2571797334138429,-0.5136716353683581,-0.5302788844570078
-0.1325109909234338,-0.17079882876853558,-0.1321988743623333,-0.26994784971076013,-0.3410452783051855,1.934588285824917,-0.8349935154440373,-0.22974863842750176,-0.3027048876920265,-0.2302217821872537,0.17321075384109857,-0.1324151100847871,-0.06540767284192325,-0.45323155712357033,-0.18437561089790525,-0.336474343124198,-0.5864857626152753,1.7082036469991673
-0.5251101011029263,-0.3566188503309115,-0.32341628110939796,-0.3602074165280415,-0.5271669810639577,-0.48608065996635313,-0.2908265727017374,-0.33218205317740956,0.6031559603310107,-0.04550232607449653,0.3013293507581784,0.2066037542735674,-0.46153439271680485,-0.3934129054956674,-0.1342150167481049,-0.29930007932566915,-0.3516245090443364,-0.3922360698762959
-0.5457003239862168,-0.42285759646376214,-0.36735876238721793,-0.3665979135398986,-0.565262489961495,-0.48619879900714336,-0.3300021687742985,-0.3328982696255381,0.20159470840374388,-0.18268744511341187,0.08142189707867392,-0.11146099208477799,-0.34736000771830045,-0.12189553007858428,-0.01883189501321218,-0.17803627892039683,0.10453458223782158,-0.6657804407642518
-0.4925437545036779,-0.5537883462117289,-0.4382246935192054,-0.3630665204549635,-0.5010273322827336,-0.4720221141123189,-0.33174676788369284,-0.34859655200264955,-1.2850444657957225,-0.5440506312554133,-0.9520466845774179,-1.0800416405329551,-0.6417855129991501,-0.9839544949610453,-0.3986154977783776,0.4714408440538825,-0.570780754777705,-0.6956674959482718
-0.47519652075753277,-0.44608886557752764,-0.3625953827976344,-0.36297444572337706,-0.543071723824457,-0.3368710514483261,-0.3696840101241391,-0.3390203796685406,-0.5346328661321187,-0.31271685749605005,-0.1685460053128679,-0.1514927399056908,-0.4227973741128779,-0.4913530555855766,-0.049750506215237175,-0.3442064048291513,-0.09463347170227561,0.22043389963156182
0.1193955211437045,0.7780473556009156,0.5809679828607276,-0.015879835379765665,0.08386828943245558,1.661214545436386,1.7642488710537796,0.2193241050421661,0.6085228887577235,0.0632644151009178,0.6006478293775037,0.005506771079451119,0.21587727837812612,-0.24849448675660313,-0.17389109914081718,-0.2887938470303811,-0.37232656483022464,1.4296850952368025
-0.5792073406664277,-0.36541720387334925,-0.3009029167064561,-0.37024132822201516,-0.5339691757089793,-0.508645216757282,-0.28405067437507175,-0.35334533744274343,3.351981694884202,1.046458509673412,0.47381524096147415,1.2217838591695254,-0.6829676872404852,-0.08581095984011433,-0.18672949011968593,-0.22519717895608873,-0.3323501812436819,-0.6073438139281053
-0.5887642873917621,-0.43158564352812107,-0.349426039226433,-0.37637905855305265,-0.59268394489942,-0.5131345003073098,-0.35011178886562105,-0.3460561530119213,2.5325667297342895,0.8515166154802591,1.0882058023379841,1.319673992512851,-0.4852437724385905,0.0567611238566485,-0.150300947687369,-0.20233022879805906,-0.02396093643320886,-0.6688225414678196
-0.5841415036374024,-0.4755271923273965,-0.2954694965096422,-0.36768573580198644,-0.5126900439058103,-0.46162587852278103,-0.3208663886166217,-0.35471363155260105,0.11955737388113284,1.4775387235237147,0.18221281334844674,0.9797168840649443,-0.699744331566796,-0.40221810787968837,-0.13672151810111138,-0.3177915583142333,-0.15031486312638875,-0.14805470283096375
-0.5479177214378683,-0.44850941717995624,-0.3588918856231245,-0.3695557943452469,-0.5716979615894875,-0.34762170416023463,-0.28595882965097186,-0.33585745716275767,-0.12003764516854906,-0.12125059225023148,0.12112740954858464,0.10308415639292592,-0.3969305041227909,-0.3383384917554945,-0.130844995111898,-0.28769986114800145,-0.13817917525190263,-0.5635160607893767
0.1899668261606059,0.2023980006565335,-0.3039485558302307,-0.10763430009219725,0.15936494765923695,-0.3743211273788206,0.03833410658546895,-0.03740019088496776,-0.1478306673783122,-0.39725642042092557,-2.7682121901849035,-0.6715927135477051,-0.18504194654607536,-1.8176898439757254,-0.27001043255349877,-0.1132955547981238,0.12023959007539194,-0.6367707118055999
-0.2154895601100673,0.14771964827636078,0.09901386535813946,-0.2788542049863807,-0.1942778985619663,-0.4503632899674483,0.06488472428156447,-0.2888292640643485,0.4887253792328827,0.02891702315078695,0.4284834412994708,0.5237302565423603,-0.453128810631503,0.014810716012425087,-0.17519784222424434,-0.1857310241811757,-0.44442682808452505,-0.1448279825826262
0.11481120615037181,0.21078455911308086,-0.19475630196466365,-0.14280860288238373,0.1405907984708221,3.3372924968072666,0.055382889846470204,-0.13512192008103233,-0.06368489668806394,-0.3379662795546283,-0.8454687300529212,-0.540864037070037,-0.2775263627139241,-0.5294874459983647,0.2969493423691602,-0.33249659911922447,-0.11961871144386477,3.0276625067451985
-0.5938298248107725,-0.4995820516129427,-0.41307989691332225,-0.37409458393019085,-0.5911262342784964,-0.5107717194915057,-0.41013690197322106,-0.3416815104924915,-0.74451810281964,-0.5504907672460627,-0.8374311769213606,-0.8345344371000137,-0.35348152677289396,-0.5265351892693153,0.06354817513556531,-0.3469711282184293,0.9683100133041928,-0.34903960891761565
0.02224956051393255,-0.2182054825588396,-0.7708084858353921,-0.049096313418073814,0.33673703009634925,-0.3534105171589546,0.38079735408180737,0.20007052170129783,-0.5053064358004377,-0.6579285914710257,-1.1237288194675572,-1.0256234833389017,-0.17418545551598333,-1.8347845707124926,-0.19588002775791938,0.8894034408496038,-0.6714355777366788,-0.5676438802390582
-0.43559111671602013,-0.4074906091122441,-0.3580512892249627,-0.34346960266998244,-0.4764074572586024,-0.5149065859191628,-0.22783408343039074,-0.30368996934847725,-0.42365245330830603,-0.3321394898488026,-0.4032425567544443,-0.43859543130879913,-0.3861488060886665,0.09372234674828596,-0.13518552184515312,0.30493345306739955,-0.5308043711911621,-0.6784248965410892
-0.5260035925147046,-0.41478239526727817,-0.33442931218096694,-0.358328102639145,-0.46386874896161884,-0.3680597582169398,-0.25045156474146774,-0.35067540325595337,-0.05774294021563183,-0.10469024255998986,-0.3272073041298788,-0.04422016566683866,-0.6648447689867544,-0.21291270259862635,-0.12059737829975871,-0.10211573706748447,-0.5200964113019096,-0.5822669926525202
0.05966514847962429,-0.25070716299642937,-0.6747733929845312,-0.16642361727281738,0.02522479556193912,-0.4955317832295694,0.13676376526638878,-0.013663809424074533,-0.5656843806009576,-0.5801358376792114,-1.4743268870662407,-1.0537708060254811,-0.22881310910937203,-0.8780342273371547,-0.4805170588908169,-0.10368775132333916,-0.6278898741870518,-0.11744692575392483
-0.4508653923207849,-0.38124620522367114,-0.3314202207266776,-0.3437884333696526,-0.5207246118243597,-0.5145521687967922,-0.23384671964669632,-0.2898756066189455,-0.21683403286462058,-0.2442265223573963,-0.04364242964841266,-0.2562633299057358,-0.11260205329759113,0.2950172662564924,-0.13700426368056634,0.04943437284579013,-0.34805518908125227,-0.6793396801865873
0.290169964553506,-0.9175138886613198,-1.083266694821676,-0.06921536035686895,0.7262704487051778,-0.2761278946420298,0.09789191636019547,0.01204704055931553,-1.2654935122412685,-0.7194676687150099,-1.3111645584955558,-1.2698796946524396,-0.4820737000710331,-2.0777075992953753,-0.32452782717200807,0.6565903968857859,-0.6136125943347152,-0.4891282880498157
1.746165390756888,1.3390428317571506,1.2206618418618502,0.6373656511125789,0.08057927829853531,-0.3950545290375013,-0.868545894744354,0.3605331890404046,-0.2130005125598257,-0.18227854759019607,1.7947067226021816,-0.34352003023413147,2.5294029961903504,0.34592757989411926,-0.1730887130369584,-0.21831489298619636,-0.105341431591528,0.34968967252437927
0.31279032186307115,0.04490144597734766,0.09556620187002658,0.8523344578039938,0.18290534646709702,4.325604332377846,-3.20046740967189,0.8990826835956348,-0.39260093883946723,-0.2437154004533765,-0.1762620563191664,-0.6597082884133717,2.734082659617249,-0.4524451481258759,-0.15705627450461818,-0.30982898490349364,-0.5757778027260229,2.7738184032653472
-0.42418041120459143,-0.288290997420861,-0.23972211798807186,-0.3341140439811629,-0.44404271400335554,-0.44827616691348804,-0.17780147325740223,-0.2949891028052331,0.09253105573232878,-0.10193018427828288,-0.15922244368025743,0.1252892665123386,-0.3787385461804744,-0.37729796701832274,-0.049811640394578804,-0.2712409474668118,-0.24311718216657743,-0.37882748566664187
-0.5871478736029477,-0.46238992470923596,-0.36777296930805126,-0.3798234833039937,-0.6002966089080956,-0.5125438051033587,-0.33313310110455085,-0.35482430239972185,0.8586600886455918,0.37770661045390097,0.7795637620860477,1.7199914707219788,-0.6475675869181976,0.40142742801009396,-0.1348874927208627,-0.1342258287395057,0.19876462926324395,-0.7058519971078212
-0.1617015222861415,0.061172373761307935,0.06554838266610408,-0.2988479856092395,-0.3869143954821949,0.6373034789076921,-0.016924512526821447,-0.3490304320282937,0.1716932500263436,-0.051533564541930234,1.4331775827445745,0.7351479247215554,-0.16907076525326367,-0.23012345689243033,-0.17842267018451488,-0.31101885987659994,-0.22883990231424056,0.41777267889861536
0.2126096840662433,0.07275285507915122,0.5522780623147708,-0.032939033136291006,0.7727212644609226,-0.0990571623376464,0.1287806666631333,-0.02762217001718956,-0.3379732744961398,-0.035484336755708334,-0.03447961907843316,0.012699975766021495,-0.4373302285601554,0.870127190635965,-0.0965563622736661,0.41405004235381454,-0.13603758327405208,-0.3207776299512136
1.2323105683432007,1.227777808306094,1.5757711811374735,0.21772046080183338,1.9430194823443105,-0.49844587956906117,1.0401078380441358,-0.16321407971241433,-0.09876160747693735,-0.04775126245218363,-0.07723940173833688,0.05648469994514478,-0.47604998724193587,0.3972117601044206,-0.15862283785024722,0.1788907860075356,-0.47655070775228264,0.33494794984356696
-0.4315018148362803,0.21859862196241484,0.2922413939268953,-0.22354154669150308,0.07866174227218815,-0.3102897672705303,0.3490363042241724,-0.28697992905649417,2.5714769608279586,1.0342938083577413,0.2249725960083502,0.37986616281095514,-0.49168747670658364,0.5241330155519864,0.08952079609739408,0.042377786016399355,1.831371580377947,-0.31566417210633213
0.8284343045773545,0.952357202323527,1.1928368828270453,2.5873983594149665,1.9995419606461156,-0.40232008004609887,1.0925314836036604,0.395302070573656,-0.037233606584978915,-0.03446209294766878,-0.2027859816533171,-0.6293717295178362,1.8126387026016038,0.2692720405450867,-0.1680222179240215,0.20529665768144964,-0.561500522873686,0.4412753738821908
0.012998186399774972,0.027214344849227884,0.18719120926966173,-0.26243633885246515,0.011695130397622721,-0.47473931205049363,0.24483544938226495,-0.31990324845167933,-0.1669982689022868,-0.09242331686351456,0.14298955406642977,0.4946446897662282,-0.585500906879706,0.2702905046568548,-0.13925094477137093,-0.03789838788375924,-0.21670421443975438,-0.27921266732155575
-0.18429066909147737,-0.02872952413636395,0.07791367750862899,-0.26821151495444834,-0.04271093074320794,-0.062079642570312704,0.268216192803702,-0.2944313468882094,0.05457920471485916,-0.021684045347173646,0.03576859529140828,0.32388426546764776,-0.5659108952435302,0.11953203221360097,-0.12149910744504762,-0.05471393340484378,-0.2131348944766703,-0.2949835867256045
-0.23088069364927263,-0.3891506621162493,-0.5045343485220259,-0.229000604867537,-0.377969342831711,0.5192825771582789,-0.4318119882296699,-0.22207525008991352,-0.7531435235054286,-0.5734912529269539,-1.0645724284192695,-0.9421197593687167,0.4911500233838427,-0.5329682727094712,0.07610151705440762,-0.35275895594588924,0.16092983765455166,4.4367335210900185
-0.023652381299454888,0.06858468530733428,0.10350922870483077,0.18018700232399745,-0.15063441072968592,0.021208381186780784,0.08268898126404452,-0.02830820350701249,-0.0686684730842973,-0.12063724596540773,0.2510142681546074,-0.5355473205625721,1.8892497437021374,0.0860387440822881,-0.1802108449302573,-0.14578495159257623,-0.5236657312649937,-0.20916170978825993
-0.4248227669311746,0.013082742755380907,0.05730079191892248,-0.10380418274811166,-0.056298076004237446,0.2058597019418689,-0.4576382857598115,0.33081240728377853,1.4844822784033609,0.5011936624650859,0.00458288914095234,-0.3482112506818946,0.16321725590942818,-0.09567330218824921,-0.1754194536243577,-0.1452030040074762,-0.5479371070139661,-0.0531103312195031
0.33206171948624663,0.9755784276547098,0.9911424774941962,0.43384203674971333,0.4265232403659932,-0.48915227502689845,0.26998415707974,-0.34892604929748655,0.42470559014280784,0.10231412856803071,0.47268998352305525,-0.3397670538759209,0.8824669782872578,2.404591632448714,-0.1688246040278803,0.6510571712268071,-0.3866038446825613,-0.4555002893196808
-0.5942987081998942,-0.5015305454339848,-0.4103997344844006,-0.38036843167204853,-0.6108798443149014,-0.5120909387803296,-0.3700734295682004,-0.3501220490203492,-0.9078260678039033,-0.474333603547112,-0.6681603079706894,-0.7003655322939861,-0.44843411180767934,-0.5207338114174712,0.38316368720442245,-0.31908440777885894,0.805549022987554,-0.6510519579349467
-0.5443938377626578,-0.35912979597658434,-0.27010541388684733,-0.37136122504397967,-0.5796830966248635,-0.47592070245839563,-0.25889417828871547,-0.34174187640910286,0.9299635663147771,0.34611927678547716,2.244648946906956,2.134382610274395,-0.37717939987991533,1.4427747524160994,-0.12735270511700789,-0.10940944864340137,1.3073954097971894,-0.6895978368336573
-0.525940445680566,-0.41328587166245706,-0.31286618718464276,-0.36563025119615494,-0.5295443578640091,-0.5121893879809881,-0.30340482074491554,-0.3467761423298381,0.021035902047903753,-0.01248385107481721,0.18976811329211393,0.5609472720946151,-0.5851269418998671,0.20031299581283382,-0.1699479445732826,-0.06985590725871273,-0.4894002596193857,-0.6515999428540679
-0.435644827816322,-0.4335542249143286,-0.3610116504532716,-0.3480972754880177,-0.48712289688784816,-0.26138020438338605,-0.2597664778434126,-0.31706290631278844,-0.5578256639761278,-0.34185080602517887,-0.41192311413653004,-0.42483451799536026,-0.4167161282099593,-0.3756606892690246,-0.10897424245243294,-0.21185111802312093,-0.5764916667186397,-0.5231452642161605
-0.44040551844983516,-0.26224746918394193,-0.22146046580191933,-0.33805698079705365,-0.45735625400403096,-0.49600433939273025,-0.1892036745795154,-0.29529596288134086,0.30356634851128855,-0.0333376247588252,0.2355821661420108,0.47212683161696495,-0.38651701776112324,2.5097641669272557,-0.15775167579462915,0.9331647655849995,-0.561500522873686,-0.7095243499971844
-0.4803041560659689,-0.15755107954196548,-0.05918881328720854,-0.21031661522710707,0.42246744474192083,-0.2757340978393958,-0.07794653941121824,-0.284716207183568,1.6044714639434414,0.6683305250795616,-0.25953110676213653,-0.015134598890706806,-0.6399789744811593,-0.31589360544424905,0.14499242207749785,-0.16484184556439097,0.5092954660515672,0.5369721490195082
-0.31387595682654057,-0.16460181491501494,-0.1989592839554726,-0.24207697207698164,-0.1892380436821666,-0.46233471276752225,0.002452999009666023,-0.169590858466121,0.08007211474174541,-0.18340301577903967,-0.2932888299146921,-0.38793025047295643,-0.25223482346205084,1.022316669616007,-0.16115990629292454,0.9433927778091642,-0.5921966745562101,-0.6760123037713089
1.108679228659168,3.26306999842787,2.9264390371925395,6.425360566376634,3.3110066976490033,2.9877978344695815,1.3509034963494135,4.353653683311878,0.9554564763416635,0.2769133709811958,0.05714848662136018,-0.6371904302641083,3.2394934532158177,0.14543196133438918,-0.1819302437242404,-0.06110496491978165,-0.5729223467555555,2.247692300754103
-0.5069847822280839,-0.3995258895241697,-0.3537264816692028,-0.35492261416984533,-0.5529674972745748,-0.4955317832295694,-0.33194926599460467,-0.31270021121435465,-0.08227747016631921,-0.2794939337347628,-0.011009963934275628,-0.30755400680128014,-0.08061941756029291,-0.37945092279889603,1.2195478923651775,-0.29509040653475077,0.27372034848801163,-0.48607396986197227
-0.43799214806464976,-0.3919830088045683,-0.13189431044995584,-0.3236875779722801,-0.27606977698076,-0.47970115176368217,-0.2282702332077393,-0.3398793363569898,-0.3433402029228527,0.16119537191111216,-0.027245821260028478,0.3836191391691658,-0.6314007931743932,-0.09777469016569496,-0.03791340074021574,-0.15704601525230413,-0.015394568521806826,-0.390175006915385
-0.422175680677108,-0.36871156456047205,-0.09590703856343513,-0.3067566784552616,-0.1604646568695508,-0.4637523812570047,-0.20728052517283832,-0.33930334490265635,-0.28411231421377137,0.18092467740627652,-0.24586726643848322,0.2472609981541819,-0.6473201947007657,-0.3804178191075367,-0.10952445006650753,-0.2595216945558282,-0.444426828084525,-0.2493620119363915
-0.4782478919152229,0.18930090816870368,0.25440237345311967,-0.35297580008777535,-0.42347058738975696,-0.45879054154381615,0.043007139914203865,-0.353493108176115,3.6164945959150505,1.4588316618365902,2.6489378694244663,4.656069974962045,-0.6779910763549368,0.15916188891708674,-0.1891135097968809,-0.2832403098891302,-0.2938015256423727,-0.12053684856611048
-0.39710058091861117,-0.28513724968989596,-0.16495776877765292,-0.35149446606122975,-0.4782491195572883,-0.49305086337297516,-0.17906319225616066,-0.34144696375399114,-0.027458129807751894,-0.018821762684662735,0.8483652168922083,1.1698676862142794,-0.5095917692797933,0.012967167050616893,-0.18319877794557904,-0.2377643181619219,-0.4472822840549924,-0.46094302579695595
-0.48890519037106595,-0.3754308551082927,-0.28074078570706823,-0.36281933889651047,-0.5152076721418416,-0.4980127030861637,-0.20544246539686922,-0.35298565718960073,0.017010705727869082,-0.038959965703043,0.3214232335870802,0.7657972316469419,-0.583314650074494,-0.1626985543032207,-0.14582286905059527,-0.2293194651372316,-0.2088517105209693,-0.5105886027564343
-0.5744575374181109,-0.4277288310163675,-0.3312374823792511,-0.37879629951331467,-0.6044156326385524,-0.5159698372862747,-0.3354618293800371,-0.3507125031422041,1.0714204655617094,0.4707307969855054,3.2314997203999964,3.9749047659468264,-0.4570985927251773,-0.3025504363850077,-0.12414316070157276,-0.3402267713839664,1.723578117492805,-0.5098440843847446
-0.5644542078997271,-0.49636804118648137,-0.40623330016307696,-0.37363468899703306,-0.5716105918424836,-0.47899231751894095,-0.3180781453971432,-0.3452946621263342,-0.7755696172884788,-0.4100344680214207,-0.6679995569080581,-0.6525150837268013,-0.58306150454968,-0.5158090862187947,9.930671733339079,-0.3320162089454852,6.225204454934571,-0.3285247410392172
-0.527069104612585,-0.4508496185217234,-0.27026378712128357,-0.34417444511264667,-0.4095086718981584,-0.50746382634938,-0.26831034044611635,-0.33569333732697054,-0.5670261127076358,0.15925310867583684,-0.1793163265091595,0.05492095979589046,-0.6020934453697885,0.14859048927594876,-0.05168387463691598,0.0841122137650546,-0.07750073587947172,-0.6048647046144057
-0.46876860853762226,-0.6879230626035742,-0.5634979219583023,-0.3552821364753292,-0.5614871972093822,-0.4990956442934073,-0.4325518851733862,-0.2926411201737036,-2.617959475772913,-1.0692794998261639,-2.8400679151810575,-1.933531013996008,0.09077160935356181,-0.9667179567656774,-0.26304678691072014,-0.28561817039513143,1.283837898040834,-0.5209587556207748
-0.44862549427306087,-0.1959384165730125,-0.08182400325510135,-0.3342967572700129,-0.3740767906823036,-0.4942322537808772,-0.10917019043604871,-0.33465139645379316,0.7154781052615018,0.31074964102730673,0.8166972575538587,1.0122426791694357,-0.5680338656675387,0.3468042325472869,-0.18636247172650794,-0.1424118284552391,-0.49796662753078763,-0.4734996461269659
-0.41603809872909947,-0.06994920785572997,0.055765789800540075,-0.32360204581260876,-0.30360159370437406,-0.5124256660625686,-0.0401884301150401,-0.33637434032374247,1.000883691953483,0.45028592082471336,0.8075344469838794,1.2862099533188074,-0.5929802064764839,1.5445824877405716,-0.19117678834966065,0.2417756074821965,-0.5871996266078922,-0.6537410853724616
-0.45561955052318026,-0.3649250585267974,-0.2862716663558429,-0.3501296217297589,-0.4816611380981746,-0.4968313126782617,-0.21679793638569506,-0.32100744167636225,-0.12617127765622096,-0.13811761508288498,0.11566187341912328,0.17126322690041787,-0.475048911757444,2.771109793177439,-0.15794272010507168,1.2623902752140752,-0.4365743241657399,-0.7103106737875762
-0.47520740814272905,-0.1920916478438416,-0.07268708588377754,-0.3469625381980505,-0.4051758222079292,-0.4970675907598421,-0.10935711176919811,-0.35298188431981253,1.0850294626437311,0.49628689218649563,0.7548080984408407,1.5989579831696874,-0.6414230546340755,0.36438885341376515,-0.15860755430541185,-0.14147891735087828,-0.12318803140694902,-0.5015579624899877
-0.4721814408838304,-0.22753615657816,-0.1244629509879458,-0.33126244007570466,-0.3117304289815328,-0.4834816010689687,-0.10274476960903821,-0.3487153974009782,0.8168747173233271,0.33150119033051073,-0.21275254753645254,0.6069212324826946,-0.642159477978989,-0.3667781351803122,-0.16787702424808515,-0.257508968370673,-0.5743500747407891,-0.3657753139507401
1.3261794260288788,1.928331643448828,1.7942166016510832,4.488803003020666,1.7426944476877453,3.940037882918886,-0.10138958994370507,2.3879551966378854,0.1634511813710347,-0.025773020579332173,0.14813358807062882,-0.6468856191894855,4.057774855562369,-0.21910083897392665,-0.18837225787236378,-0.24132780240055388,-0.6079016823937804,3.633464262153869
-0.5210338640854221,-0.47006337460241227,-0.34597837573832024,-0.35720150367034054,-0.48117485647998226,-0.4270898989317782,-0.32947255833037514,-0.3455820290418696,-0.5723930411343487,-0.1609136520021683,-0.29666460222994767,-0.14867800763703284,-0.5990672056867845,-0.4306061835013786,0.20925208633795955,-0.2867938745666525,0.674911912338673,-0.2625770837690613
-0.5866412472784787,-0.5110721388875418,-0.4181478404152832,-0.37785959470497443,-0.6058169973964164,-0.5029745427993523,-0.3677291245149517,-0.34535062636152597,-1.2875362539938393,-0.6032385477409066,-1.104920945139705,-1.0800416405329551,-0.3035658319254753,-0.5576950343091087,-0.5724587370178311,-0.33019903982220616,0.1937675813149259,-0.5881426663984142
0.6667239722563338,-0.48327094869865167,-0.5423733689958017,-0.0620549143330457,0.30104648844528586,-0.35577329797475865,0.20354919992289194,0.09334735400219514,-0.8694908647559542,-0.48118263706097736,-0.8874247573996689,-0.8579905393388298,-0.19604802356810302,-0.9473800305928639,-0.24626711162470477,0.7863462863210325,-0.6671523937809778,-0.5700701574529926
-0.5914723430029282,-0.49311385562968935,-0.40221305651969447,-0.38133928551428736,-0.6183350128585832,-0.4847811305176609,-0.3674721076818713,-0.34994661057519744,-0.3891507705651518,-0.24811104882794682,0.17980154740897847,0.0005028026018370814,-0.21010910681004538,-0.4949241259521562,0.20194655190663585,-0.35333192868998536,2.5716485407216054,-0.5563653775919712
-0.6022740807690424,-0.5062209919001017,-0.4080363185243515,-0.3809320503063003,-0.604898465450942,-0.49895781541248535,-0.36899863190259136,-0.35482052952993365,-1.9999960026399737,-0.26968039317758247,-0.6773231185406686,-0.6218657768014151,-0.6870640420965666,-0.5169435778875998,1.6941860190011084,-0.34014552545487775,0.3329710598752089,-0.5204949181839263
-0.4203930528076296,-0.31199432431601304,-0.26358774616196967,-0.35476495414418263,-0.5320137028188016,-0.49328714145455554,-0.2355991071449719,-0.3484726761112699,-0.03186667815826612,-0.15447351601151876,0.722657885914597,0.5231047604826587,-0.2871228794273283,-0.38892650662357464,-0.15491657822766142,-0.326793323841223,-0.13889303924451948,-0.05791466986861315
-0.5363553183593708,-0.4111164146245957,-0.30738403676184844,-0.37095239408674496,-0.5699195273971858,-0.48275307698409575,-0.30256367474574325,-0.34703961440338144,0.18683565523028364,0.08963830534833966,1.0288886602270653,1.2571243865426749,-0.4771891421035989,0.2558386278303723,-0.1568193795596694,-0.18923262925288556,-0.0553709521083495,-0.6527587432302331
-0.27548268167021883,-0.2132338101804073,-0.7817118738985049,-0.14381919088088777,0.32814835404548626,-0.46792662736492524,0.18149248261126313,-0.19195202888921167,-0.15051413159166868,-0.8367190334971529,-0.8398424428608287,-1.1475952149807451,-0.43422919588118364,-0.5369647774518527,0.47554088729346605,-0.30026416619351753,0.1238089100384761,1.8770058467080257
-0.49393588815744793,-0.18721036950865352,-0.1305176815660097,0.15341447889734092,-0.19481476266526618,2.2965466169659687,0.42072842387584725,-0.3548362498207179,1.4599477484526737,0.47400197717123205,-0.1524708990497463,-0.6215530287715642,2.0200454337276352,-0.46037369785672944,-0.060372569875843905,-0.32759917009136963,0.04599773484324113,2.068230653508352
-0.5804993103763917,-0.5335501243076054,-0.4145174385797438,-0.348256531262928,-0.4938837058632364,-0.44142410254765624,-0.30243906052364367,-0.35083700784521504,-1.9210254843611985,-0.48936058752529427,-0.6477449230165248,-0.7907497129208905,-0.3874145337127366,-0.510910144921682,8.021344327686393,-0.3255987252675883,0.8341035826922277,0.05256617980587724
-0.5213517757331547,-0.4202462129922623,-0.37036785384150717,-0.367751799820837,-0.595830405393492,-0.5137251955112607,-0.3114034961259335,-0.32937440924334976,-0.10240345176649247,-0.2844007040133529,0.682309369194162,-0.16212617292062062,0.2764078253455873,-0.07651586332638197,-0.09038181016016233,-0.2513394737205175,0.6899030561836267,-0.6671733632364959
-0.5808658523446679,-0.4843858085653304,-0.39350252862569907,-0.37758416838483894,-0.5957441852484224,-0.4824183497018568,-0.37476203967469773,-0.3500994118016199,-0.30404661979870484,-0.20149673118134068,-0.14796986929607223,-0.01669833903996137,-0.5218002875446875,-0.46758029834379794,0.3173525989587817,-0.3255141728181297,1.861353868067854,-0.5441469306851272
-0.5728077356480277,-0.4975130324009082,-0.42699237643072463,-0.3736704337801792,-0.5869566280629321,-0.47576318373734205,-0.3860240499969489,-0.34235371012642435,-0.771736096983684,-0.6310435793195839,-2.1880616051488424,-1.106312475040429,-0.396809684667766,-0.6023656437683078,-0.2590066409011326,-0.3463074623441878,0.7712835513419459,-0.5107361076287091
-0.392786998903827,-0.38938166911565125,-0.33403947037312376,-0.32077070792259504,-0.3978264170421993,-0.3415966130799342,-0.23962570419656512,-0.26430749687587607,-0.44435346295419864,-0.3147613451121293,-0.4427873181617236,-0.44954161235358003,-0.3663804419236446,-0.28350902508017745,-0.1322052306022491,-0.06610914731957843,-0.5914828105635932,-0.5721661747970178
-0.42651539241636327,-0.04706947113235866,-0.03267957035387438,-0.334177076076443,-0.4292749275558402,-0.47237653123468953,-0.21251432250102142,-0.30244052063694826,1.223227869631588,0.3240388105318219,1.1398068934426044,1.2286643158262451,-0.4287060207943323,0.01871697709933341,-0.1642089734875879,-0.25238716831771874,-0.07321755192377043,-0.300236891481312
-0.5057378137102646,0.08439359909249067,0.27187215946709076,-0.3161045775476927,-0.20458063109681243,-0.5146703078375824,-0.017197106137664304,-0.3435610284586516,3.946177342127413,1.9430685537049526,0.7859938045912965,1.80224420257276,-0.6587174966247786,0.974655127575413,-0.14160461067602337,0.012992267129164684,0.04171455088754002,-0.4503316246235618
-0.1568457484885804,0.008593171940917795,0.06453723047701093,0.1251488128997066,-0.26693848881692583,-0.34892123360892685,-2.025176162328415,0.08084972282874875,0.04633713605955004,-0.06308491957277776,0.4977671492935249,-0.5274158717864491,2.469476546498014,1.2234568857148311,-0.1818996766345696,0.1791326343545903,-0.5093884514126571,-0.5818233371757101
-0.5079247264833665,-0.5403296775509222,-0.3023282758163826,-0.3387851211787328,-0.34819810154015673,-0.513843334552051,-0.31373222440141973,-0.35113632218174634,-1.2001319910445152,-0.03947108760706294,-0.4037248099423379,-0.18214204683107713,-0.6545348421579652,9.473067758840186,-0.25119860834249397,12.95109707866064,-0.6857128575890155,-0.7273174001479038
-0.38364449864163286,-0.20286862655506965,-0.1697211483672364,-0.2979227701954819,-0.2717369272905308,0.11111219122812567,0.012398771610990159,-0.23670958318674964,0.21865387376008125,-0.06032486129107087,-0.06630832947941415,0.01707844818393384,-0.4580881615949049,-0.47482557468321207,-0.17379939787180476,-0.33756077124573214,-0.5686391627998544,2.4070966717171127
-0.5439176961167385,-0.44011281494082616,-0.34947476945241346,-0.37573549288149627,-0.5932242578085226,-0.4306734498357477,-0.34648239964697025,-0.35471866204565194,-0.06310986864234452,-0.09078772677065121,0.9764838138092884,1.0244398523336202,-0.42696276865754484,-0.48054960083036485,0.07432895253100119,-0.3558226832486156,4.107883852833036,0.1594470903528065
0.8549893628968719,0.1591494728554637,0.013565414101519206,-0.22820544301745876,-0.17038112315448528,0.46696667192835034,0.09618625919520722,-0.1272014087723163,-0.502814647602321,-0.3365351382233729,0.3201372250860306,-0.028895512204145702,-0.20058738309260904,-0.24877810967380443,-0.14521152725717903,-0.2612977683545102,-0.22455671835853955,0.24834673431263532
-0.4323074813408084,-0.4775861677568482,-0.4785002252920007,-0.3186148506890897,-0.4216967516051924,-0.47473931205049363,-0.28972840986948467,-0.23886137658929218,-0.7552519596730658,-0.5946516997533738,-1.024063160636203,-0.9712053261448486,-0.26799313238172345,-0.5991426560728389,1.2462351167335592,-0.2667332154825508,2.1404746891810373,-0.2787107672701815
-0.415138800711883,-0.3349242799522978,-0.2641725088737344,-0.3474945609971998,-0.48449950527386476,-0.35494632468922727,-0.24401835552557596,-0.3239578258507426,-0.15856452423173792,-0.16520707599593462,0.21468452799995263,0.25476695087060286,-0.418304041047429,0.027883154105246995,-0.17635939163173514,-0.1509298972881197,-0.49796662753078763,-0.569197860804351
2.692785790642031,2.374938479770789,2.2558623974763425,5.465806384134969,2.2325858159536804,1.253044159506233,-0.4796794262936778,3.048460191850486,-0.15338927182026468,-0.14609111678559397,0.13527350306013136,-0.6453218790402312,4.030745817481089,0.4297123680255291,-0.1862936957747486,0.03866598072117531,-0.5950521305266774,0.9723768500296142
-0.5856991255461567,-0.4896688382038261,-0.36713947637030614,-0.3782211914844802,-0.6156955268175202,-0.5110079975730861,-0.33448049238100275,-0.3498937903981625,-1.7763100928551903,-0.23042623094886155,1.5207869118785882,0.8702550736171356,0.3076828042748826,-0.3066887525859898,-0.16370797399155315,-0.33469826932551605,1.5058495997446697,-0.6396183570865474
-0.5123094394147666,-0.3630569149664168,-0.36059744353243833,-0.3331438284386231,-0.40037393492852147,-0.49590589019207176,-0.26158896084161926,-0.31334097026671903,0.3637526172965689,-0.24739547816231913,-0.4992109411452806,-0.5111529742342035,-0.4974925638551597,-0.3812429039575767,1.9480991911241152,-0.1572656626768752,0.45218634664222046,-0.48941776290969674
-0.4946254225532153,-0.39493588088387965,-0.35568787326491363,-0.3516942538670291,-0.5480816890539659,-0.08476233840203178,-0.283746927208704,-0.3144483075495587,-0.08591931445587433,-0.26528474480301223,-0.11389064401825427,-0.35258972309980696,-0.0318428775745372,-0.4417319370261372,-0.08679017712384209,-0.3192813819208936,-0.17030305491966002,-0.3217771584391489
1.2521960144914492,0.9627525172966128,0.010312671517327931,0.1742147511899358,0.09225348594095464,0.024870691451277092,0.25685293342599486,1.2046907957453459,-0.206675204056914,-0.35565109743371354,-0.210180530534353,-0.5636946432491513,0.8747575463951947,-0.04605218362880983,-0.20126452660522678,-0.026984981222922193,-0.6307453301575191,-0.19145830479188172
0.324926127228575,0.07943197049664112,0.22283736957431963,0.5824527280042244,-0.008250463161803534,-0.15670901424326572,-3.6815250373096253,0.9531736889375734,-0.35905763617251174,-0.19321655633621984,0.21982856200415152,-0.5930929580551341,2.8275163715031493,0.5598952870209094,-0.18302301717997188,0.06692539324243715,-0.5607866588810693,-0.4064316271382905
-0.5518734713925333,-0.299459683652814,-0.21588085492716427,-0.33794128897660275,-0.33647216181069567,-0.4643430764609557,-0.33231532027202226,-0.34335100537377455,2.1791161576321993,0.8366940802636849,-0.13318077153400038,0.2973006829303226,-0.6638724600391732,-0.3061215067515873,-0.17610721314195096,-0.23897639405751173,-0.5893412185857426,-0.176050878068449
3.225652165085541,-2.1733884628010682,-3.211303480828971,1.9370632004003918,2.139423224803112,3.2715678104476504,1.7456424100165335,4.72814119275005,-1.442027122277074,-0.7833579067174855,-1.4712726168762478,-1.0887985853687798,1.0316329787839178,-0.9970527169554309,-0.200617393647864,-0.19415367628338245,-0.6014769064602289,3.038112097739305
-0.5077062529537603,-0.40857533763117476,-0.3584776787022912,-0.35495325255539917,-0.5252908307072439,-0.5067549921046388,-0.2975479523062345,-0.3125612438438222,-0.10892043628464393,-0.2641602766141686,-0.17995933075968437,-0.3300718649505436,-0.3427401018904445,-0.38079168568021105,0.15534792226777552,-0.2767732284056849,-0.017536160499657286,-0.5972903353966945
-0.21029409989438086,0.36696537827393405,0.26706004965152685,-0.24751959403576532,0.08280030923552735,-0.4473310545871664,0.41528434004787107,-0.29347303796200397,0.9255550179642629,0.17867574102858946,0.14781208594536632,0.5224792644229566,-0.5816634508558207,0.047362891736661146,-0.1787971170329823,-0.12782015406292974,-0.540084603095181,-0.006009884602491116
-0.4511412060790917,-0.36520628443911274,-0.27936415682312205,-0.31059796604408035,-0.5132108135820305,0.055350563975149605,-0.5354209255166043,-0.3193077638367735,-0.15434765189646357,-0.13729982003645333,0.36402226518435277,-0.31130698315949074,0.5567492341549659,-0.37920597573404036,-0.06823595369365996,-0.31764701613806395,0.612091880988392,-0.1611274482184868
-0.5890792957367759,-0.4065264059843057,-0.2777682419222642,-0.37776688167368894,-0.5904410715256769,-0.5054554626559465,-0.32384934155813083,-0.35475387549700865,3.233909269496518,4.117687806547611,2.7551943218237005,4.720808817141178,-0.6204349893040405,-0.3787289735551109,-0.04076378185201885,-0.34929891855882944,4.054344053386774,-0.16405545215141995
-0.5522813854245556,-0.4759490311958695,-0.3527153294801096,-0.37206415258754677,-0.5713668762324203,-0.479248285440653,-0.3468095119799817,-0.34648688897940866,-0.48441375013930543,-0.051022442637910455,0.24281596396041533,0.4777562961542807,-0.5152069972847588,-0.43377760339371996,-0.065125752319655,-0.3312349254180863,0.4621804425388562,-0.3274140800580521
-0.5420639373306442,-0.3763147079755696,-0.3058977648694464,-0.3654018994788236,-0.5470390000995914,-0.4831271839465981,-0.28084964654488836,-0.3339961747339073,0.7449962116084226,0.15015513878428444,0.4910156046630141,0.6169291694379226,-0.4706936580691665,0.22152025484901922,-0.05512267222488215,-0.1400566412317742,0.9311890856881172,-0.6585861718189994
-0.5213045970639707,-0.49406801497504504,-0.37850580158023295,-0.37398671128105326,-0.6016324463557068,-0.49269644625060455,-0.35013515403226475,-0.34336358160640196,-0.8039376675439611,-0.30065438056118265,0.624438986646924,0.02583539301975853,-0.03975942853235737,-0.3811784442036673,-0.23003487409787435,-0.30213612908292614,0.22160827702698266,-0.5955816924092255
-0.5259796402672727,-0.4069984637656922,-0.3508270332233694,-0.3714614380967289,-0.5812787441096178,-0.4968313126782617,-0.3143552955119177,-0.33566126793377077,0.10671508086006992,-0.16909160246648514,0.5430989489555283,0.4349098160647102,-0.3597181119751302,-0.3664429444599835,-0.16540873175716722,-0.31740469543095656,-0.30950653347994306,-0.4988324254608274
-0.5713996338293029,-0.41925187851657586,-0.3174102807573144,-0.37088329814432397,-0.5583315398998361,-0.45347428470825696,-0.2985137125275063,-0.34450864758712374,1.0919297991923618,0.53175875232547,0.6588397140500041,1.019435883856006,-0.5744545567060033,0.312266696402642,-0.1365610408803396,-0.13348847469702096,0.09739594231165334,-0.6672574676304945
-0.18737325075339686,-0.3901550403745185,-0.523344215750458,-0.28934194776637134,-0.4383901212925948,-0.44880779259704395,-0.1293499060273023,-0.18961347843215268,-0.6555804317483982,-0.536792700218332,-1.3407427540197,-1.0503305776971215,0.1961204208278685,-0.5455637086233638,0.05971340712711484,-0.3527107752204995,-0.16816146294180975,2.8284516007236498
-0.600153943958478,-0.5010183125222675,-0.4096565985381996,-0.38208194721411964,-0.6147057195521215,-0.4896248311900593,-0.36364800874118985,-0.35478531607857705,-0.7824699538371097,-0.4269014908540742,-0.7388907755284246,-0.7357060596671356,-0.6207169013657652,-0.5219456547909676,1.0974269107214187,-0.35511036428893145,3.8558898634392946,-0.42691043013123664
-0.5310901788784279,-0.35852716902162285,-0.283189479562583,-0.3568213961995626,-0.5056786217087531,-0.47958301272289194,-0.2769554521042759,-0.32899083414821506,0.6917102793717733,0.17019111742186072,0.23124188745096796,0.4073879894378326,-0.49775721599473793,-0.3416001553033091,-0.1764893017628361,-0.29814232483615605,-0.49939435551602135,-0.3269011631184043
-0.5393899955264266,-0.38537419986515736,-0.2950309244758187,-0.3685250999062231,-0.5376766419469706,-0.509826607165184,-0.24573958946832666,-0.3544419849278499,0.5661624893897401,0.18552477454245483,0.44262953481101786,1.076668773318717,-0.6221437215965351,-0.2522718283356927,-0.15261640472993293,-0.28353695200231427,-0.16530600697134226,-0.4694540567313581
-0.5823044388419425,-0.47801805040790396,-0.37834742834579665,-0.37564262027528605,-0.587982072988293,-0.5114805537362469,-0.35409165558392697,-0.35478217202042023,-0.05831796826135095,0.04036615380083055,-0.006991187368495098,0.1659465103929529,-0.5108977700555384,-0.4350925823734713,0.07447414620693754,-0.32299932789680463,0.8933542940794251,-0.5092911247285185
-0.5941165259542757,-0.4767927089328156,-0.047725027625320895,-0.3457389176749921,-0.4172316976925231,-0.32174925422718004,-0.3366222993233396,-0.3283613937052153,0.8212832656738414,11.178734686200398,1.0681119195090818,1.61052966027417,-0.6008852508195397,0.04179356899889087,-0.1591271948298156,-0.24106658729133285,-0.07964232785732199,-0.34158647835197725
1.7464419303408745,0.9488217908544195,0.8511527208090202,1.8060612829432792,1.8823768307101145,0.048793847211293304,2.0136330830305997,1.023877268768633,-0.3684497609192593,-0.24596433683106364,-0.0643793167278395,-0.611545091816336,1.1080369008186943,0.03860925715576756,-0.18523148940868797,-0.03609680664222385,-0.6471642019877063,-0.2934263040316665
0.42168086781695935,0.16744563726876696,0.2504674077052028,1.0879568874321492,0.44790583634324577,4.609846864519076,1.2592653127729219,0.09350518572166852,-0.3387399785570988,-0.20660795022153874,-0.11324763976772947,-0.6500130994879944,2.4029740664678947,-0.4517489827836546,-0.1914060415221917,-0.31528946711433486,-0.6778603536702303,4.369339543224616
-0.05089769984041919,-0.3830038671756421,-0.8871275352505916,-0.12326498312227255,0.06622764775122224,0.54696649238345,-0.1335400592454013,0.059246899233088186,-0.715958376548918,-0.766490883884832,-1.5125856399724704,-1.1998241359658424,-0.12540891553022773,-0.8301921979856144,-0.26770036834396177,-0.22015190123169473,-0.49582503555293717,0.2951093492748376
-0.493402406282828,-0.407038638896023,-0.17335155020277573,-0.33620032654747295,-0.4706548491795609,0.5954822584679601,-0.30753266685196473,-0.34044652444848406,-0.20571682398071534,0.2927581500058099,0.6749148203131259,0.5024633905125004,-0.2993256443848404,-0.386915362301602,-0.18879972541340834,-0.3301140150126948,-0.0917780157318083,0.37616931874102805
-0.1954074152026054,0.1797593147151467,0.7742686067684541,-0.0901927608159473,-0.0820526081374841,-0.22156734763708746,0.28831802450614336,-0.07520434616283428,0.402087820344518,0.5249097188116048,2.7778602216547017,0.3839318871990169,0.3006407560391473,1.7592076843572373,-0.1624819329211871,-0.11655483916272626,0.2394548768424035,-0.45120667892174815
-0.2284709523924859,-0.6315272234017613,-0.39042034183243923,-0.23475423835467762,-0.3512893811413843,1.0993058877579147,-1.436132522852497,-0.20704602328857805,-1.4922462382698873,-0.615096575914166,-1.8901898860931983,-0.8511100826821105,0.8902166833309959,-0.613542965096194,-0.10538546792893246,-0.32631765726801215,0.2223221410195996,0.8905555146765467
0.6900469288239021,-0.6668411629625047,-0.47312771787766233,-0.14587068611360027,0.06123262734685895,0.14360042744543164,-0.5226869096958016,-0.24983099549851343,-0.9503781431871268,-0.4464263475876307,-0.5506512811872699,-0.7888732247417852,-0.19582939788758183,-0.4105978758879075,-0.22509861611184281,-0.1629944453977301,-0.561500522873686,-0.07956923043215515
0.581301548005965,0.5192994287056164,0.3979981668608446,-0.23440572671900214,-0.06485456320094124,-0.4872029808538601,0.5941602674829624,-0.2121551177934461,-0.16680659288704694,-0.1934210050978278,0.651445165168968,0.6460147362140546,-0.39625161385169866,0.6110118718710464,-0.1719348054018853,-0.05815224222947285,-0.33092245325844816,-0.2931838443545422
-0.43559910079849745,-0.30709295841565953,-0.19986079313610985,-0.3344783535343896,-0.5024252482347948,0.12422562475583826,-0.16898501704385566,-0.3334660865286637,0.031961434916569116,-0.006350388226579531,0.8474007105164216,0.29260946248255965,-0.05375722539309608,-0.31680893394976223,-0.13470409018283785,-0.31717512844527584,0.21661122907866479,-0.09257486974982633
1.8773039454466267,1.0890229519262105,2.211115867469846,0.21000070466672682,2.3331828828131136,0.05972170848438713,1.6211995324723227,-0.23028752999558447,-0.3494738354105245,-0.05797370053257973,0.08511917151919196,0.3689199817661744,-0.5607156586774608,2.435300259211142,-0.1765351523973423,0.974500521449057,-0.5343736911542464,-0.18489462490438616
-0.4172792606414806,-0.32290187220081606,-0.3972182083567041,-0.273864775813915,-0.19415029274726336,-0.38223644311176425,-0.044791367943843995,-0.2541031417220302,-0.09243629897402578,-0.42465255447638706,-0.799976179328287,-0.7275746108910127,-0.4258466270254103,-0.5905824007536735,-0.2908993489160907,0.21234238022962504,-0.6385978340763044,-0.5986270599873961
-0.4898799742589769,-0.41275355118557444,-0.25398789164383206,-0.3510045710422171,-0.5354866502622037,-0.2697680762794905,-0.30587374002026385,-0.31964417805955553,-0.27146169720794805,0.04455735341379294,0.8911249995521122,0.4242763830497801,-0.1552973473804282,-0.10930009416469179,-0.15946343281619452,-0.26823154157016227,-0.17244464689751068,-0.5024781674237955
-0.24968901448876454,-0.36767705495445485,-0.344467738732928,-0.3165051106088399,-0.35834103940614054,-0.3597900253616256,-0.12816607091735616,-0.29904933950897866,-0.5691345488752729,-0.3755848516904859,-0.4696327456211367,-0.5233501473983878,-0.43195663946523966,-0.233372228489463,-0.1399157789717111,0.005569601258822294,-0.5822025786595743,-0.5740699400960775
0.4744454914324306,-0.13089488056750212,-0.17225512011821686,-0.046753753522599424,0.7082033047063333,0.26776455931593557,0.5160505153931583,0.051341479403525084,-0.6103448921518181,-0.36750912560697296,-0.5908390468450742,-0.5937184541148359,-0.4313582954974974,-0.3383384917554945,-0.7402779264800486,0.04331967196176421,-0.6600137538548094,0.05022452012811522
6.602764452115881,7.814329725513875,8.38809839996207,2.5520746944952046,6.90710639786078,1.238631196529828,-1.2599202244147845,4.918057396902451,0.07508853834551207,0.0006008696680896899,0.4339489774289322,0.02458440090035498,-0.09134933582797786,2.7250468530337972,-0.18277083869018768,0.7024825378195471,-0.5172409553314423,0.5049086972746191
0.11375948474040677,0.20252856983010842,0.19866717748804444,0.06260294241531524,-0.2146074591674359,-0.4676509696030814,0.3548152887740412,-0.2790361517174175,-0.06579333285570117,-0.13198415223464735,0.5278275980055624,-0.4276492502640183,1.8232075282625892,0.19800533662287803,-0.1899158959007397,-0.148897804340798,-0.5814887146669575,-0.20857414241367053
-0.43244974317404034,-0.4770538472799656,-0.41752653003403317,-0.351664413356099,-0.5622401864763231,-0.28418103925589533,-0.30142656996908446,-0.2928329077212709,-0.7602355360692992,-0.45153756662782873,-0.7321392308979136,-0.805448870323882,0.334188291384387,-0.5426243438450962,-0.2639299277391629,-0.2948476134675905,0.4871656822804456,-0.5032502211612163
-0.4114407188735312,-0.3262765831486004,-0.2927406038547401,-0.331750579770545,-0.515006491803346,-0.4654063278280675,-0.21053607172519026,-0.30752006099514195,-0.14706396331735314,-0.23175514789931312,0.3429638759796634,-0.18495677909973499,0.15438017577046598,0.735870415193512,-0.09275075960965015,0.0846346439834967,-0.07892846386470534,-0.6790713734206548
-0.26287508961287404,-0.36482462070097044,-0.3163260332292507,-0.34170645932631105,-0.5104747609784895,-0.4949410880256184,-0.10278371155344432,-0.3033252586022836,-0.5461334270465036,-0.3411352353595511,-0.027245821260028478,-0.20872562936840194,-0.1495037668466165,1.2697905568248922,-0.06140420915223379,0.5270617126359557,-0.3259254053101303,-0.7084313277886045
-0.5843752195062836,-0.5032379884730424,-0.4472397853255782,-0.37603740863914187,-0.6028590716195631,-0.4609170442780398,-0.3483204594229394,-0.3400308799601495,-1.014206256261962,-1.1680282516827898,-1.8056348271491784,-1.8296986680855156,-0.20589768580632117,-0.5493410502024533,-0.2463260668373736,-0.3557211258372548,0.32369082797119014,-0.132891477921921
